repository_id,project_type,project_title,primary_class,secondary_class,no_project_files
2,QD_PROJECT,Running with rheumatoid arthritis: A qualitative study of Australian rheumatologists’ perceptions and recommendations,R86,K62,3
2,QDA_PROJECT,Sociocultural context and innovation scale up,B07,K62,3
2,QD_PROJECT,Data from: Ambulatory versus inpatient management of severe nausea and vomiting of pregnancy: a randomized control trial with patient preference arm,R86,B07,1
2,QDA_PROJECT,"Data from: Not in the countryside please! Investigating UK residents' perceptions of an introduced species, the ring-necked parakeet",K62,K63,5
2,OTHER_PROJECT,Data for: Dissecting the genetic architecture of leaf morphology traits in mungbean (Vigna radiata (L.) Wizcek) using genome‐wide association study,A01,B07,2
2,QD_PROJECT,Data from: Inner conflict in patients receiving oral anti-cancer agents: a qualitative study,R86,,1
2,QD_PROJECT,Data from: Identifying acne treatment uncertainties via a James Lind Alliance Priority Setting Partnership,R86,B07,2
2,QD_PROJECT,Data from: How do doctors and nurses manage delirium in intensive care units? A qualitative study using focus groups.,R86,,1
2,QD_PROJECT,Barriers to home exercise for patients with Parkinson’s disease – a qualitative study,R86,,2
2,QD_PROJECT,Data from: The personal and social experiences of community-dwelling younger adults after stroke in Australia: a qualitative interview study,N72,R86,2
2,QD_PROJECT,Data from: Primary care management of headaches and how direct-access MRI fits: a qualitative study of UK general practitioners’ views,C29,E36,1
2,QD_PROJECT,"Data from: Development of a simple, practice-based tool to assess quality of paediatric emergency care delivery in resource-limited settings: identifying critical actions via a Delphi study",R86,B07,5
2,QD_PROJECT,Data from: Understanding families' experiences following a diagnosis of non-syndromic Craniosynostosis: A qualitative study,R86,C29,1
2,QD_PROJECT,"Data from: Characterizing the interaction between physicians, pharmacists and pharmaceutical representatives in a middle-income country: a qualitative study",C21,,1
2,QD_PROJECT,Data from: From strategy to action:  A qualitative study on salient factors influencing knowledge transfer in project-based experiential learning in healthcare organizations in Kenya,Q85,B07,1
2,QD_PROJECT,Strategies and interventions to strengthen pharmacovigilance systems in low- and middle-income countries: A scoping review,N72,B06,9
2,QD_PROJECT,Voices from the field  cultural capital transformation issues for dance practitioners,B07,C29,2
2,QD_PROJECT,Qualitative survey instruments for a study on equity from a large-scale private-sector healthcare intervention in Ghana and Kenya: the African Health Markets for Equity (AHME) study,R86,C29,18
2,QD_PROJECT,Qualitative raw data and behavioral analysis for understanding VMMC policy decision-making,R86,B07,3
2,QD_PROJECT,"Preterm Birth Initiative-Rwanda group antenatal care providers focus group discussions, qualitative data",R86,C29,1
2,QD_PROJECT,Development and application of a hybrid implementation research framework to understand success in reducing under-5 mortality in Rwanda,B07,K62,2
2,QD_PROJECT,Data from: Qualitative study of physicians' varied uses of biomedical research in the USA,R86,N72,2
2,QD_PROJECT,Data from: Reduction of leaf area and symptom severity as proxies of disease-induced plant mortality:  the example of the Cauliflower mosaic virus infecting two Brassicaceae hosts,K62,K63,4
2,QD_PROJECT,"Extended data for behavioural change for Parkinson’s disease: A randomised controlled feasibility study to promote physical activity and exercise adherence among people with Parkinson’s, study protocol",C29,R86,2
2,QD_PROJECT,Data from: Mandated reporters’ experiences with reporting child maltreatment: a meta-synthesis of qualitative studies,R86,B07,1
2,QD_PROJECT,"Prevalence and individual level enablers and barriers for COVID-19 vaccine uptake among adult tuberculosis patients attending selected clinics in Nairobi County, Kenya",R86,,2
2,QD_PROJECT,"The awareness, visibility and support for young carers across Europe: a Delphi study",B07,C18,8
2,QD_PROJECT,"Data from: Determinants of appropriate health-seeking behavior for febrile illness among caregivers of children under 5 years in Busia county, Kenya",K62,R86,4
2,QD_PROJECT,Methodological approach to generate reflection and reflective notes ,Q85,,1
2,QD_PROJECT,Enabling effective urban green space stewardship through planning: A qualitative comparative analysis in Southwest England,N72,B07,2
2,QD_PROJECT,Sub-Lithospheric Small-Scale Convection Tomographically Imaged Beneath the Pacific Plate,C29,C30,20
2,QD_PROJECT,Drug and Therapeutics Committee (DTC) evolvement and expanded scope in Ethiopia,C21,O82,7
2,QD_PROJECT,"Financial, supplies, and human resource preparedness in management of COVID-19 pandemic among dental facilities in Nairobi County, Kenya",B07,C29,2
2,QD_PROJECT,Designing industry 4.0 implementation from the initial background and context of companies,B07,C29,8
2,QD_PROJECT,Data from: Low levels of hypertension screening in HIV care clinics in rural Uganda: a mixed methods study,R86,,3
2,QD_PROJECT,Data from: Potentials of closed contour analysis in species differentiation and holotype designation: a case study on lower Norian (Upper Triassic) conodonts,K62,K63,14
2,QD_PROJECT,Data from: Improving the recruitment activity of clinicians in randomised controlled trials - a systematic review,R86,,2
2,QD_PROJECT,Data from: Perceptions of research bronchoscopy in Malawian adults with pulmonary tuberculosis: a cross-sectional study.,R86,K62,4
2,QD_PROJECT,Qualitative responses from students during spring 2019,Q85,,1
2,QD_PROJECT,Anonymized Researcher Interview Data - from the Raising the Profile of the NCSU Libraries Research Support Strategies & Engagement project,K62,K63,1
2,QD_PROJECT,Related data of CG lightning attachment process,K63,B07,20
2,QD_PROJECT,Data from: Multimodal mimicry of hosts in a radiation of parasitic finches,C18,K62,12
2,QD_PROJECT,Context dependence of local adaptation to abiotic and biotic environments:  a quantitative and qualitative synthesis,N72,B07,5
2,QD_PROJECT,Data from: “Gaming the System”: a qualitative study on the price of drugs for multiple sclerosis,B07,C21,1
2,QD_PROJECT,Data from: Are you more than the sum of your parents’ genes? phenotypic plasticity in a clonal vertebrate and F1 hybrids of its parental species,B07,C22,1
2,QD_PROJECT,Model weights for Lymphoid Aggregates Segmentation (in Pytorch 1.0.1),K62,B07,1
2,QD_PROJECT,Invasive plant species that experience lower herbivory pressure may evolve lower diversities of chemical defence compounds in the exotic range,B07,C20,2
2,QD_PROJECT,Data from: Pollinator assemblage composition predicts trait divergence in a pollination-generalized plant,C29,K62,2
2,QD_PROJECT,Recruitment and retention strategies for improving representation in clinical research: A meta-synthesis,K62,K63,2
2,QD_PROJECT,Generative AI use by blind and low vision software professionals in the workplace,K62,N71,5
2,QD_PROJECT,Towards inclusive global collaborations in coral reef science,N72,C30,2
2,QD_PROJECT,Data from: Data management plan (DMP): Towards a  more efficient scientific management at the Universidad Centroamericana José Simeón Cañas,N72,,5
2,QD_PROJECT,Dataset to aid educators in using Generative AI in software design,K62,Q85,3
2,QD_PROJECT,"Data from: The assessment of science: the relative merits of post-publication review, the impact factor and the number of citations",N72,,2
2,QD_PROJECT,Imaging of the vulnerable carotid plaque: role of imaging techniques and a research agenda,R86,,1
2,QD_PROJECT,"Interview guide  of study conducted on: Identification of the challenges teachers face in teaching small problem-based learning (PBL) groups in the College of Medicine, King Faisal University, Kingdom of Saudi Arabia",Q85,,2
2,QD_PROJECT,Data from: Radar wind profilers and avian migration - a qualitative and quantitative assessment verified by thermal imaging and moon watching,B07,C10,2
2,QD_PROJECT,Clinicians’ opinions on recommending aspirin to prevent colorectal cancer to Australians aged 50 to 70 years: A qualitative study,R86,B06,20
2,QD_PROJECT,Genetic diversity among black cumin (<em>Nigella sativa</em> L.) accessions based on quantitative and qualitative traits,B06,K62,2
2,QD_PROJECT,Data from: A virtual near-peer mentorship research program focused on healthcare disparities in the United States of America,Q85,R86,3
2,QD_PROJECT,Are researchers moving away from animal models as a result of poor clinical translation in the field of stroke? an analysis of opinion papers,N72,R86,4
2,QD_PROJECT,Two-point time-series of dental wear scores for baboon mandibular second molars,A01,B07,3
2,QD_PROJECT,Data from: The interactions of ethical notions and moral values of immediate stakeholders of immunisation services in two Indian states: a qualitative study,R86,C18,1
2,QD_PROJECT,Dataset for: Extent and types of gender-based discrimination against female medical students and physicians at five university hospitals in Germany – Results of an online survey,Q85,R86,2
2,QD_PROJECT,Data from: A land classification protocol for pollinator ecology research: an urbanisation case study,K62,K63,1
2,QD_PROJECT,Measuring the aggregated impact of research: Establishing criteria for coding Translational Science Benefits Model data,R86,N72,2
2,QD_PROJECT,Historical analysis of seagrass loss in the United Kingdom,C29,K62,2
2,QD_PROJECT,Approaches and methods used to bring together Indigenous and Environmental Science Knowledge in environmental research: A systematic map,N72,B07,2
2,QD_PROJECT,Data from: General rules for environmental management to prioritise social-ecological systems research based on a value of information approach,N72,B05,4
2,QD_PROJECT,Impact of disease characteristics and knowledge on public risk perception of Zoonoses,A01,K62,2
2,QD_PROJECT,Data from: A novel approach to quantifying mammal locomotor repertoires using scoring and cluster analysis,A01,B07,2
2,QD_PROJECT,Data from: Guiding carbon farming using interdisciplinary mixed methods mapping,A01,N72,2
2,QD_PROJECT,Flagellum tapering and midpiece volume in songbird spermatozoa,B07,K62,20
2,QD_PROJECT,"Data from: Congruence, but no cascade - pelagic biodiversity across 3 trophic levels in Nordic lakes",A03,B07,14
2,QD_PROJECT,Data from: Distribution maps of cetacean and seabird populations in the North-East Atlantic,A01,K62,1
2,QD_PROJECT,Recovery of European temperate forests after large and severe disturbances,A02,B07,2
2,QD_PROJECT,Data from: Hybrid machine learning approach to zero-inflated data improves accuracy of dengue prediction,A02,B06,2
2,QD_PROJECT,"Data from: How do patients and health workers interact around malaria rapid diagnostic testing, and how are the tests experienced by patients in practice? A qualitative study in western Uganda",R86,B07,1
2,QD_PROJECT,Simulation data from: Dynamics of immune memory and learning in bacterial communities,B07,K62,20
2,QD_PROJECT,Ecological signal in the size and shape of marine amniote teeth – 3D models and landmarks,B07,K62,4
2,QD_PROJECT,"Bushmeat yields, species extinction rates and ecosystem-level impacts of bushmeat harvesting as predicted by the Madingley General Ecosystem Model",B07,C17,20
2,QD_PROJECT,Coevolutionary theory of hosts and parasites,B07,C17,2
2,QD_PROJECT,Toward greater realism in inclusive fitness models: the case of caste fate conflict in insect societies,A03,B07,5
2,QD_PROJECT,Data from: Variation in responses of fishes across multiple reserves within a network of marine protected areas in temperate waters,A03,B07,2
2,QD_PROJECT,Taxonomic revision of Delphinium (Ranunculaceae) in the south-east of European Russia,K62,A02,17
2,QD_PROJECT,SPOM review: Broadening applications of stochastic patch occupancy models over three decades,B07,C29,4
2,QD_PROJECT,Long-term experimental drought alters floral scent and pollinator visits in a Mediterranean plant community despite overall limited impacts on plant phenotype and reproduction,E36,B07,16
2,QD_PROJECT,Similar but different: Revealing the relative roles of species‐traits versus biome properties structuring genetic variation in South American marsh rats,C24,K62,5
2,QD_PROJECT,Gradual transitions in genetics and songs between coastal and inland populations of Setophaga townsendi,C16,K62,2
2,QD_PROJECT,Alternative reproductive tactics and evolutionary rescue,B07,C24,7
2,QD_PROJECT,Broad diversity in monoterpene-sesquiterpene balance across wild sunflowers: implications of leaf and floral volatiles for biotic interactions,B06,B07,20
2,QD_PROJECT,Leaf Anatomical Properties ,A02,C30,1
2,QD_PROJECT,"Rivers and roads, silence and songs: female crickets respond similarly to conspecific male song in natural and anthropogenic soundscapes",A01,B07,11
2,QD_PROJECT,Data for: Ecosystem connectivity and configuration can mediate instability at a distance in metaecosystems ,B07,C18,8
2,QD_PROJECT,Data for: Frond orientations with independent current indicators demonstrate the reclining rheotropic mode of life of several Ediacaran rangeomorph taxa,C24,C29,7
2,QD_PROJECT,Data from: Mechanisms for polyandry evolution in a complex social bee,B07,C29,3
2,QD_PROJECT,Data from: Water-borne defense induction of a rockweed in the wild,E36,N72,3
2,QD_PROJECT,Different genes are recruited during convergent evolution of pregnancy and the placenta,B07,K62,2
2,QD_PROJECT,Data from: A novel sperm-derived seminal fluid protein in Caenorhabditis nematodes,E36,K62,17
2,QD_PROJECT,Estimating fine-scale changes in turbulence using the movements of a flapping flier,A01,B07,4
2,QD_PROJECT,"Data from: The holocephalan ratfish endoskeleton shares trabecular and areolar mineralization patterns, but not tesserae, with elasmobranchs little skate and catshark",A03,B07,16
2,QD_PROJECT,Home-based exercise for people living with frailty and chronic kidney disease: a mixed-methods pilot randomised controlled trial ,R86,,19
2,QD_PROJECT,Microfluidic monitoring of the growth of individual hyphae in confined environments,A01,B06,5
2,QD_PROJECT,The asymptotic behavior of bootstrap support values in molecular phylogenetics,A02,B07,1
2,QD_PROJECT,Data from: The mutualism-antagonism continuum in Neotropical palm-frugivore interactions: from interaction outcomes to ecosystem dynamics,A01,A03,4
2,QD_PROJECT,Data and code for: Generation and applications of simulated datasets to integrate social network and demographic analyses,K62,C23,3
2,QD_PROJECT,WALL-E/Vocus AIM data: Online particle phase chemical composition,B07,C20,12
2,QD_PROJECT,Data from: Metabolism drives demography in an experimental field test,B07,A03,1
2,QD_PROJECT,ASYFAIR Germany dataset: asylum adjudication in Germany (2018/19),B07,N69,5
2,QD_PROJECT,Data for: Foster children’s perspectives on participation in child welfare processes,N72,B07,2
2,QD_PROJECT,Bringing Back the Manchester Argus Coenonympha tullia ssp. davus (Fabricius 1777):  Quantifying the habitat resource requirements to inform the successful reintroduction of a specialist peatland butterfly,B07,C13,2
2,QD_PROJECT,Data from: Cooperation can promote rescue or lead to evolutionary suicide during environmental change,C24,K62,1
2,QD_PROJECT,.bam alignment files of Illumina and ONT sequencing of pREF plasmid ,K62,B07,5
2,QD_PROJECT,The diverse effects of phenotypic dominance on hybrid fitness,A03,B07,6
2,QD_PROJECT,Genetic modifiers of Huntington’s disease differentially influence motor and cognitive domains,R86,A01,9
2,QD_PROJECT,Spectroscopy of elementary excitations from quench dynamics in a dipolar XY Rydberg simulator,K62,N69,2
2,QD_PROJECT,Data from: The REporting of studies Conducted using Observational Routinely-collected health Data (RECORD) statement: methods for arriving at consensus and developing reporting guidelines,R86,J58,2
2,QD_PROJECT,Data from: Exploring the multi-level impacts of a youth-led comprehensive sexuality education model in Madagascar using human-centered design methods,Q85,K62,2
2,QD_PROJECT,"Skull shape of a widely-distributed, endangered marsupial reveals little evidence of local adaptation between fragmented populations",C22,C24,6
2,QD_PROJECT,Volatilome of Aleppo Pine litter over decomposition process,A02,B07,1
2,QD_PROJECT,Raw data from: Natural alleles at the Doa locus underpin evolutionary changes in Drosophila lifespan and fecundity,B06,D35,2
2,QD_PROJECT,"Scripts from: Inversions and genomic differentiation after secondary contact: When drift contributes to maintenance, not loss, of differentiation",K62,C26,6
2,QD_PROJECT,"Data from: Visual system development of the spotted unicornfish, Naso brevirostris (Acanthuridae)",A01,A03,18
2,QD_PROJECT,Data from: Biocultural approaches to sustainability: a systematic review of the scientific literature,N72,J58,1
2,QD_PROJECT,ASEAN as network governance: an alternative lens to evaluate policymaking and performance,B07,C29,2
2,QD_PROJECT,Data for: Who defines the “personal utility” of genetic and genomic testing?,R86,N72,2
2,QD_PROJECT,Diet quantity influences caste determination in honey bees (Apis mellifera),C29,K62,4
2,QD_PROJECT,Opening the museum’s vault: Historical field records preserve reliable ecological data,C24,K62,10
2,QD_PROJECT,Distinct genomic signals of lifespan and life history evolution in response to postponed reproduction and larval diet in Drosophila,B06,B07,6
2,QD_PROJECT,Function of a multimodal signal: a multiple hypothesis test using a robot frog,C10,C24,17
2,QD_PROJECT,Data from: Modeling the mito-nuclear compatibility and its role in species identification,K62,A02,2
2,QD_PROJECT,Sperm competition risk affects ejaculate strategy in terms of sperm number but not sperm size in squid,B07,C23,2
2,QD_PROJECT,Data from: The ghost of disturbance past: long-term effects of pulse disturbances on community biomass and composition,B07,K62,7
2,QD_PROJECT,"Data from: Morphological disparity and evolutionary rates of cranial and postcranial characters in sloths (Mammalia, Pilosa, Folivora)",B07,C29,2
2,QD_PROJECT,Immune challenges increase network centrality in a queenless ant,C29,A01,2
2,QD_PROJECT,Data for: Trinity assembled transcriptome of a Eurasian (Myriophyllum spicatum) and a hybrid (M. spicatum × M. sibiricum) genotype of watermilfoil ,E36,B06,3
2,QD_PROJECT,"Savannah River NERP songbird tissue, insect, and fruit isotope database",C10,C29,2
2,QD_PROJECT,"Umbilicaria phaea var. coccinea: conservation status, variety rank, and secondary chemistry",C20,B07,7
2,QD_PROJECT,"Building functional and sustainable pharmacovigilance systems - an analysis of pharmacovigilance development across high-, middle- and low-income countries",C21,R86,7
2,QD_PROJECT,Data from: Limited directional change in mountaintop plant communities over 19 years in western North America,A02,E36,6
2,QD_PROJECT,Dataset with determinants or factors influencing graduate economics student preparation and success in an online environment,K62,B07,2
2,QD_PROJECT,Data from: Responses of a widespread pest insect to extreme high temperatures are stage-dependent and divergent among seasonal cohorts,N72,B07,2
2,QD_PROJECT,Experiences of women who travel for abortion: a mixed methods systematic review,N72,B06,7
2,QD_PROJECT,Code from: Beyond the classroom: Alicia’s multivariate journey,Q85,N72,12
2,QD_PROJECT," Datasets for manuscript: The nature, representation and measure of genetic information",N72,,3
2,QD_PROJECT,Data from: User experience methods and maturity in academic libraries,K62,K63,5
2,QD_PROJECT,Data from: Categorizing and assessing comprehensive drivers of provider behavior for optimizing quality of health care,R86,N72,3
2,QD_PROJECT,Women's status in Higher leadership positions in Ethiopia since 1991,B07,C23,6
2,QD_PROJECT,Data from: Perceptual expertise in forensic facial image comparison,N72,K62,2
2,QD_PROJECT,Data from: Highly unsaturated fatty acids in nature: what we know and what we need to learn,A01,B07,1
2,QD_PROJECT,Species richness and abundance of vascular epiphytes along an elevation gradient,A02,B07,1
2,QD_PROJECT,Data from: Climatic niche differences between diploid and tetraploid cytotypes of Chamerion angustifolium (Onagraceae),B06,B07,1
2,QD_PROJECT,Data from: Why on earth did I buy that? A study of regretted appliance purchases,B06,B07,1
2,QD_PROJECT,Data from: TRANSCENDS: a career development program for underrepresented in medicine scholars in academic neurology,R86,,4
2,QD_PROJECT,A core competency model for clinical informationists,R86,K62,1
2,QD_PROJECT,Data from: Energy harvesting in a flow-induced vibrating flapper with biomimetic gaits,B06,D35,2
2,QD_PROJECT,Automated improvement of stickleback reference genome assemblies with Lep-Anchor software,K62,,1
2,QD_PROJECT,"Survey data on student expectations for faculty, teaching assistant, and peer support in engineering education",Q85,,2
2,QD_PROJECT,Ocean-scale footprint of a highly mobile fishing fleet: social-ecological drivers of fleet behaviour and evidence of illegal fishing,A03,B07,2
2,QD_PROJECT,Data from: The effect of interaural timing on the posterior auricular muscle reflex in normal adult volunteers,J59,K62,2
2,QD_PROJECT,Leukocyte proportions in Pteropus alecto blood smears,R86,B07,2
2,QD_PROJECT,Data from: Physician champions’ perspectives and practices on electronic health records implementation: challenges and strategies,R86,C26,1
2,QD_PROJECT,"BAGS: an automated barcode, audit & grade system for DNA barcode reference libraries",K62,A01,2
2,QD_PROJECT,Cultural keystone species revisited: are we asking the right questions?,B07,B08,1
2,QD_PROJECT,Analytic dataset informing prediction of subterranean cave and mine ambient temperatures,B07,C18,2
2,QD_PROJECT,Urbanev: An open benchmark dataset for urban electric vehicle charging demand prediction,N72,B07,2
2,QD_PROJECT,"Psilocybin therapy for females with anorexia nervosa: A phase 1, open label, feasibility study",N72,B07,4
2,QD_PROJECT,Data from: Electron backscatter diffraction (EBSD) analysis of maniraptoran eggshells with important implications for microstructural and taphonomic interpretations,B07,B05,12
2,QD_PROJECT,Data from: Delimiting tropical mountain ecoregions for conservation,A02,B07,1
2,QD_PROJECT,Code from: The effects of intersexual interactions on survival can drive the evolution of female ornaments in the absence of mate limitation,K62,A01,2
2,QD_PROJECT,Female-female aggression in the Gila Monster (Heloderma suspectum),N72,,2
2,QD_PROJECT,Pretest and posttest data for nurses' empathy and problem solving,R86,,2
2,QD_PROJECT,Data from: Phylogeographic concordance factors quantify phylogeographic congruence among co-distributed species in the Sarracenia alata pitcher plant system,A02,B05,2
2,QD_PROJECT,How do children and adolescents experience healthcare professionals? Scoping review and interpretive synthesis,R86,N72,1
2,QD_PROJECT,Restoration and replication: a case study on the value of computational reproducibility assessment,B07,K62,4
2,QD_PROJECT,Data from: Model selection analysis of temporal variation in benefit for an ant-tended treehopper,A02,B07,15
2,QD_PROJECT,Drought has negative consequences on aphid fitness and plant vigour: insights from a meta-analysis,A01,B07,1
2,QD_PROJECT,"Data from: Roses are red, violets are blue - so how much replication should you do? An assessment of variation in the colour of flowers and birds",N72,B07,2
2,QD_PROJECT,Data from: Classification and mapping of low-statured 'shrubland' cover types in post-agricultural landscapes of the US Northeast,A02,B07,2
2,QD_PROJECT,Brief mindfulness coaching enhances selective attention in medical scientists: A pilot study,R86,,2
2,QD_PROJECT,Methodological advances for hypothesis‐driven ethnobiology,A01,B07,12
2,QD_PROJECT,Adaptation and correlated fitness responses over two time scales in Drosophila suzukii populations evolving in different environments,N72,B07,1
2,QD_PROJECT,Data from: Reconstructing the mass and thermal ecology of North American Pleistocene tortoises,B06,B07,5
2,QD_PROJECT,Data from: Phylogeographic model selection leads to insight into the evolutionary history of four-eyed frogs,K62,K63,2
2,QD_PROJECT,Appendix from: Understanding challenges and strengths in the post-dairy farm surplus calf value chain: An interview study,A01,B07,2
2,QD_PROJECT,FragSAD: A database of diversity and species abundance distributions from habitat fragments,A02,B07,4
2,QD_PROJECT,Data from: Quantitative benefit-risk assessment of methylprednisolone in multiple sclerosis relapses,B07,R86,4
2,QD_PROJECT,Data from: Low-frequency fluctuations of the resting brain: high magnitude does not equal high reliability,N72,R86,2
2,QD_PROJECT,Data from: The neural basis of risky choice with affective outcomes,B07,N72,20
2,QD_PROJECT,Data from: Evolutionary dynamics of interlinked public goods traits: an experimental study of siderophore production in Pseudomonas aeruginosa,N72,B07,1
2,QD_PROJECT,Data from: Shaping medicinal product information – a before and after study exploring physicians’ perspectives on the summary of product characteristics,R86,C29,6
2,QD_PROJECT,Context-dependent effects of relative temperature extremes on bill morphology in a songbird,B07,C24,2
2,QD_PROJECT,Data from: the two faces of secondary contact on islands: introgressive hybridization between endemics and reproductive interference between endemics and introduced species,B07,C29,7
2,QD_PROJECT,The supply is there. So why can't pregnant and breastfeeding women in rural India get the COVID-19 vaccine? ,B07,C29,2
2,QD_PROJECT,Use of intrapartum evidence-based practices in childbirth after participating in the Senses of Birth intervention among Brazilian women,R86,,2
2,QD_PROJECT,Striated myocyte structural integrity: automated analysis of sarcomeric z-discs,C29,N72,6
2,QD_PROJECT,Data from: Effects of grasshoppers on prairies: herbivore composition matters more than richness in three grassland ecosystems,N72,B07,6
2,QD_PROJECT,Data from: Contrasting effects of spatial heterogeneity and environmental stochasticity on population dynamics of a perennial wildflower,B07,C24,3
2,QD_PROJECT,Repositories for taxonomic data: Where we are and what is missing,K62,N72,3
2,QD_PROJECT,Feasibility and acceptability of a tailored health coaching intervention to improve type 2 diabetes self-management in Saudi Arabia: A mixed-methods randomised feasibility trial,R86,B07,2
2,QD_PROJECT,"Genetic epidemiology of blood type, disease and trait variants, and genome-wide genetic diversity in over 11,000 domestic cats",N72,R86,2
2,QD_PROJECT,The simulation results of  relationship between cementation exponent m and total porosity of different diagenetic facies with different content of  parameters,C23,N72,9
2,QD_PROJECT,All data for: Megaherbivore impacts on ecosystem and Earth system functioning: The current state of the science,N72,B06,6
2,QD_PROJECT,Erectile Dysfunction and Penile Rehabilitation after Pelvic Fracture – a Systematic Review and Meta-Analysis,N72,A02,2
2,QD_PROJECT,Data from: Combination phosphodiesterase type 4 inhibitor and phosphodiesterase type 5 inhibitor treatment reduces non-voiding contraction in a rat model of overactive bladder,A01,C29,1
2,QD_PROJECT,Data from: How do organisational characteristics influence teamwork and service delivery in lung cancer diagnostic assessment programmes? A mixed-methods study,R86,,2
2,QD_PROJECT,Data from: Experimental reduction of plant abundance changes interaction frequency of a tri-trophic micro-food web: contrasting responses of generalists and specialists,N72,B07,1
2,QD_PROJECT,Data from: Quantitative heterodonty in Crocodylia: variability and decoupling in size and shape across modern and extinct taxa.,C10,E36,1
2,QD_PROJECT,Data from: Investigating clinical handover and healthcare communication for outpatients with chronic disease in India: a mixed-methods study,R86,,2
2,QD_PROJECT,Balantioides coli in other zoonotic parasites detected in noninvasive fecal samples of artiodactyls with emphasis on the bioinvasive in a state park in Brazil,A01,B06,2
2,QD_PROJECT,"Technology- and facility-level energy, cost, and environmental performance in U.S. chemicals, cement, iron and steel, food, and non-manufacturing industries",B06,D35,2
2,QD_PROJECT,Data from: Co-creation in fully remote software teams,K62,,3
2,QD_PROJECT,Appendices interview formats ,R86,,2
2,QD_PROJECT,Data from: Examining human-carnivore interactions using a socio-ecological framework: sympatric wild canids in India as a case study,B07,A01,1
2,QD_PROJECT,NIRS data during sandplay and interview,B07,C29,5
2,QD_PROJECT,Characteristics of households that were interviewed in a study that investigated factors driving tree species in cocoa farms in Cote d'Ivoire,A02,,1
2,QD_PROJECT,Data from: Community Credit interviews on trust in consumer financial services,L64,N72,3
2,QD_PROJECT,Interviews from field research in Rio de Janeiro State - Brazil,A01,C17,16
2,QD_PROJECT,Impact of Programming Workshops on Biomedical Reproducibility (IPWBR),K62,B07,20
2,QD_PROJECT,"Comparing travel behavior and opportunities to increase transportation sustainability in small cities, towns, and rural communities",C30,B06,3
2,QD_PROJECT,Semi-structured interview framework from: Growing together: Strengthening the partnership and impact of a zoo and community-led conservation organization,C30,K62,2
2,QD_PROJECT,Data from: Using local ecological knowledge to monitor threatened Mekong megafauna in Lao PDR,A03,B06,1
2,QD_PROJECT,Technology review and roadmap for inventorying complete streets for integration into pavement asset management systems,A02,C15,14
2,QD_PROJECT,Predicting potential distributions of large carnivores in Kenya: An occupancy study to guide conservation,B07,C29,20
2,QD_PROJECT,Data from: Factors affecting Japanese retirees’ healthcare service utilisation in Malaysia – a qualitative study,R86,,3
2,QD_PROJECT,Data from: Longitudinal analysis of impulse control disorders in Parkinson’s disease,C21,C23,1
2,QD_PROJECT,Teaching undergraduates with quantitative data in the social sciences at University of California Santa Barbara,Q85,,5
2,QD_PROJECT,Data from: A qualitative study exploring the health literacy issues in the care of Chinese American immigrants with diabetes,C10,C29,1
2,QD_PROJECT,An observational study of nicotine replacement therapy availability through pharmacist prescribing in the California Central Valley,B07,C12,2
2,QD_PROJECT,Dataset: Elisa cohort study on SARS-CoV-2 transmission,K62,K63,5
2,QD_PROJECT,Data from: Assessing changes in distribution of the endangered snow leopard Panthera uncia and its wild prey over 2 decades in the Indian Himalaya through interview-based occupancy surveys,A01,B07,2
2,QD_PROJECT,Data from: Exploring health literacy competencies toward patient education program for Chinese-speaking healthcare professionals: a Delphi study,R86,,1
2,QD_PROJECT,"Factors influencing the sustainability of homestead vegetable production intervention in Rufiji, Tanzania:  A cross-sectional mixed methods study",A01,B06,2
2,QD_PROJECT,Data from: Patients’ experiences with a behaviour change intervention to enhance physical activity in primary care: a mixed methods study,R86,B07,1
2,QD_PROJECT,Evaluating the Impact of a Mandatory Pre-Abortion Ultrasound Viewing Law: A Mixed Methods Study,N69,B07,3
2,QD_PROJECT,Data from: A qualitative study on the development and rectification of advanced medical students’ misconceptions about the physiological electrocardiogram (ECG),Q85,R86,1
2,QD_PROJECT,Data from: Evaluation of the first pharmacist-administered vaccinations in Western Australia: a mixed-methods study,K62,C26,2
2,QD_PROJECT,Expert consensus on core topics of sustainable development online learning module for family physicians: A Delphi study,Q85,R86,8
2,QD_PROJECT,Association of cataract and sun exposure in geographically diverse populations of India: the case study. first report of the ICMR-EYE SEE study group,C24,K62,2
2,QD_PROJECT,Data from: A low-cost solution for documenting distribution and abundance of endangered marine fauna and impacts from fisheries,A03,A01,1
2,QD_PROJECT,Effectiveness of seasonal malaria chemoprevention administered in a mass campaign in the Kedougou region of Senegal in 2016: a Case-control study,B07,C21,2
2,QD_PROJECT,Ethnobotanical study of medicinal plants used by Ensaro people to treat human diseases,B07,K62,5
2,QD_PROJECT,Beyond coproduction: A case study in direct funding to advance community-led resilience,N72,B07,2
2,QD_PROJECT,Data from: Hepatotoxicity of isotretinoin in patients with acne and Gilbert's syndrome: comparative study,R86,,1
2,QD_PROJECT,"Data from: Psychiatric disorders in C9orf72 kindreds: study of 1,414 family members",R86,,2
2,QD_PROJECT,"Data from: Mental illness, poverty and stigma in India: a case control study",R86,B07,2
2,QD_PROJECT,Data from: Why do general practitioners prescribe antibiotics for upper respiratory tract infections to meet patient expectations: a mixed methods study,R86,,1
11,QD_PROJECT,Välityömarkkinoiden työpajan valmentajien ja valmennettavien haastattelut sekä valmennuskeskustelut 2014-2016; Interviews with Coaches and Coachees and Coaching Session Recordings from an Intermediate Labour Market Workshop 2014-2016,N72,S91,1
11,QD_PROJECT,Kuntouttavan työtoiminnan valmennuskeskustelut 2019-2020; Coaching Encounters in Rehabilitative Work Activities 2019-2020,N72,S91,1
11,QD_PROJECT,Opettajien ja ohjaajien ajatuksia sukupuoli- ja kulttuuritietoisesta ohjauksesta 2020; Teachers' and Guidance Counsellors' Views on Gender and Culture Sensitive Career Guidance 2020,Q85,R88,1
11,OTHER_PROJECT,Kokemuksia itsensä johtamisesta asiantuntijatyössä 2020; Self-management in Working Life 2020,Q85,N70,1
11,QD_PROJECT,Lastensuojelu lapsen etuna: haastattelut 2021-2022; Child Welfare in the Best Interest of the Child: Interviews 2021-2022,R88,N72,1
11,OTHER_PROJECT,Yksinäinen - yhdessä ja erikseen 2020-2021; Finnish Experiences of Loneliness 2020-2021,N72,R86,1
11,QD_PROJECT,Tampere Praksis: Lastensuojelun sijaishuolto ja lasten läheisverkostot 2016; Tampere Praksis: Child Foster Care and Children's Close Networks 2016,N72,R88,1
11,QD_PROJECT,Luontoharrastus ja yhdistystoiminta: havaintomuistiot 2006-2011; Amateur Naturalism and Activities of Nature and Wildlife Organizations: Observation Notes 2006-2011,N72,S91,1
11,QD_PROJECT,Suomalaisten historiatietoisuus 2010: haastattelut; Historical Consciousness in Finland 2010: Interviews,Q85,N72,1
11,OTHER_PROJECT,Luontoharrastus ja teknologia -kirjoitusaineisto 2020-2021; Amateur Naturalism and Technology 2020-2021,K62,C26,1
11,QD_PROJECT,Kertomuksia korona-ajasta 2021; Narratives of Everyday Life during the COVID-19 Pandemic 2021,N72,S91,1
11,OTHER_PROJECT,"Kuolema, menetys ja muisto 2014; Death, Loss and Memory 2014",N72,R86,1
11,OTHER_PROJECT,Asiakkaiden kokemuksia vammaissosiaalityössä ja vammaispalveluissa käytettävästä harkinnasta 2022; Clients' Experiences about Discretion in Disability Social Work and Disability Services 2022,N72,R86,1
11,OTHER_PROJECT,Kokemuksia ylisukupolvisesta köyhyydestä ja osattomuudesta 2024; Experiences of Intergenerational Poverty 2024,N72,S91,1
11,OTHER_PROJECT,Kirjoituksia lähisuhdeväkivallan kokemuksista 2022-2023; Finnish Experiences of Domestic Violence 2022-2023,N72,O80,1
11,OTHER_PROJECT,Ohipuhumisen kokemukset vammaisen henkilön arjessa 2023; Experiences of Being Talked Past in the Daily Lives of Disabled People 2023,N72,S91,1
11,OTHER_PROJECT,Työelämässä koettu häpeä -kirjoitusaineisto 2020-2021; Finnish Experiences of Shame in Working Life 2020-2021,Q85,N72,1
11,QD_PROJECT,Gerontologisen sosiaalityön ja diakoniatyön asiakkaiden sekä ikääntyvien parissa työskentelevien haastatteluja 2021; Interviews with Gerontological Social Work and Diaconal Work Clients and Those Working with Older Adults 2021,R88,N72,1
11,QD_PROJECT,Pakkomuuttajien kokemuksia perheenyhdistämisestä 2018-2020; Forced Migrants' Experiences of Family Reunification 2018-2020,N72,O80,1
11,QD_PROJECT,Näkemyksiä väkivallasta ja rikostiedon lähteet 2017; Views of Violence in a Changing Media Landscape 2017,Q85,N72,1
11,OTHER_PROJECT,Alle 40-vuotiaiden vanhempien kokemuksia vanhemmuudestaan 2020; Under 40-year-old Parents' Perceptions of Parenthood 2020,N72,S91,1
11,QD_PROJECT,Luontoharrastus ja yhdistystoiminta: haastattelut 2002-2011; Amateur Naturalism and Activities of Nature and Wildlife Organizations: Interviews 2002-2011,N72,S91,1
11,OTHER_PROJECT,Kokemuksia läheissuhteiden rajaamisesta mielenterveys- ja päihdeomaisten selviytymiskeinona 2023-2024; Experiences of Using Boundaries as a Coping Tool in Personal Relationships with People with Mental Health and Substance Abuse Problems 2023-2024,N72,R86,1
11,OTHER_PROJECT,Kokemuksia vapaaehtoisesta lapsettomuudesta ja sterilisaatiosta -kirjoitusaineisto 2017; Experiences of Voluntary Childlessness and Sterilisation 2017,N72,S91,1
11,QD_PROJECT,Konfliktit ja stressi opettajan työssä 1993; Conflict and Stress in Teaching 1993,Q85,N72,1
11,QD_PROJECT,Aalto-yliopiston opettajien näkemyksiä yrittäjyydestä 2012; Aalto University Teacher Views on Entrepreneurship 2012,Q85,,1
11,QD_PROJECT,Child-up: maahanmuuttajataustaisten lasten kanssa työskentelevien ammattilaisten haastattelut 2020-2021; Child-up: Interviews with Professionals Working with Children with Immigrant Backgrounds 2020-2021,Q85,N72,1
11,OTHER_PROJECT,Hossan kansallispuistoa ja Evon retkeilyaluetta koskevat sanomalehtikirjoitukset: teosluettelo 2012-2023; Newspaper Articles about Hossa National Park and Evo Hiking Area: List of Works 2012-2023,N72,S91,1
11,OTHER_PROJECT,Suomalaisten ruokapäiväkirjat 2013; Food Diaries of Finns 2013,C10,N72,1
11,QD_PROJECT,Tampereen yliopiston viidennen vuoden opiskelijoiden haastattelut 2006; Interviews of Fifth Year Students in the University of Tampere 2006,Q85,,1
11,QD_PROJECT,Rekrytoijien näkemyksiä työttömyysjaksojen vaikutuksista rekrytointiin 2021; Recruiters' Views on the Impact of Unemployment Periods in Recruitment,O78,N72,1
11,QD_PROJECT,Lähteiden kunnostushankkeisiin osallistuneiden metsänomistajien haastatteluja 2012; Forest Owners in Natural Springs Restoration Projects: Interviews 2012,A02,N72,1
11,QD_PROJECT,EduMAP: Aikuiskoulutussektorin päättäjien ja koulutushenkilöstön haastatteluja nuorten aikuisten syrjäytymisestä 2017-2018: Latvia; EduMAP: Interviews with Adult Education Policy-Makers and Personnel on the Social Exclusion of Young Adults 2017-2018: Latvia,Q85,N72,1
11,QD_PROJECT,Lapsesta aikuiseksi: 20-vuotiaiden haastattelu 1980: tekstiaineisto; Jyväskylä Longitudinal Study of Personality and Social Development (JYLS): Interview of 20-Year-Olds 1980: Text Data,N72,Q85,1
11,QD_PROJECT,Tarjoilijoiden teemahaastattelut 2004; Waitresses 2004: Theme Interviews,I56,N72,1
11,QD_PROJECT,Luokanopettajien etäopetuskokemukset 2020; Classroom Teachers' Experiences of Distance Teaching 2020,Q85,,1
11,QD_PROJECT,Aktiivisesti pelaavien nuorten alkuhaastattelut 2022-2024; Introduction Interviews of Actively Gaming Adolescents 2022-2024,Q85,K62,1
11,QD_PROJECT,"Osallisuuden, hyvinvoinnin ja aktiivisuuden edistämisen vaikuttavuus (ESR): haastatteluaineistot 2019-2022; Effectivity of Promotion of Social Inclusion, Well-being, and Activeness (ESF): Interviews 2019-2022",R88,N72,1
11,QD_PROJECT,Vapaaehtoistyöntekijöiden kokemuksia eroauttamisesta 2014; Volunteers' Experiences of Working in Divorce Support 2014,N72,S91,1
11,QD_PROJECT,Vaatesuunnittelu ikääntyville naisille: haastattelut 2001-2002; Clothing Design for Ageing Women 2001-2002: Interviews,C14,N72,1
11,QD_PROJECT,Ikääntyneen vanhemman kuolema 2002; Death of Aged Parent 2002,N72,S91,1
11,QD_PROJECT,"Lasten, nuorten ja lapsiperheiden hyvinvoinnin ja terveyden edistäminen Seinäjoen kaupunkiorganisaatiossa: haastattelut ja työpaja 2020; Promoting Health and Well-being of Children, Young People and their Families in Seinäjoki: Interviews and Workshop 2020",N72,S91,1
11,QD_PROJECT,Kahdeksasluokkalaisten kokemuksia Taidetestaajat-taidevierailuista 2018-2019; Eight-Graders' Experiences of Participation in the Art Testers Campaign 2018-2019,Q85,N72,1
11,QD_PROJECT,Minun hyvinvointini -kirjoituskilpailu 2010; My Well-being 2010: Writing Competition,S91,N72,1
11,QD_PROJECT,Suomalaisten naisopiskelijoiden haastattelut 2008-2009; Finnish Female Student Interviews 2008-2009,Q85,N72,1
11,QD_PROJECT,Pietarilaisten rakkauselämäkerrat 1996; Sexual Autobiographies from St. Petersburg 1996,N72,Q85,1
11,QD_PROJECT,Työ yhteyskeskuksissa 2005; Call Centre Work 2005,N72,O78,1
11,QD_PROJECT,Pohjoismaiset perhehaastattelut 1996: englanninkieliset yhteenvedot; Nordic Family Interviews 1996: English Summaries,Q85,N72,1
11,QD_PROJECT,Perheväkivalta 2001; Experiences of Domestic Violence 2001,N72,Q85,1
11,QD_PROJECT,Tampere Praksis: Sosiaalityöntekijän ja ohjaajan työparityö perhepalveluissa 2016; Tampere Praksis: Cooperation between Social Counsellor and Social Worker in Family Services,N72,R88,1
11,QD_PROJECT,Kokemuksia sairaalamusiikkitoiminnasta 2018-2019; Music in Finnish Health Care Settings 2018-2019: Interviews,N72,R86,1
11,QD_PROJECT,Lasten satuja Suomesta ja ulkomailta 2000-2013; Tales and Stories from Finland and Abroad Told by Children 2000-2013,S91,N72,1
11,QD_PROJECT,Nuorten poikien kännykän käyttö 2000-2002; Young Boys' Mobile Phone Use 2000-2002,N72,S91,1
11,OTHER_PROJECT,Promootiomuistot 2023; Conferment Ceremony Memories 2023,Q85,,1
11,OTHER_PROJECT,Nuori tutkija asiantuntijana -kirjoitusaineisto 2018; Young Researchers' Perceptions of Expertise 2018,N72,Q85,1
11,QD_PROJECT,Rauman telakalta irtisanottujen metallimiesten haastattelut 2016; Interviews of Male Metalworkers after Job Loss at Rauma Shipyard 2016,B07,R88,1
11,QD_PROJECT,Kokemuksia kirjeäänestämisestä Suomen vuoden 2019 vaaleissa 2020-2021; Experiences of Postal Voting in the 2019 Finnish Elections 2020-2021,N72,S91,1
11,QD_PROJECT,Elämä masentuneena 2002; Living with Depression 2002,N72,R86,1
11,QD_PROJECT,Virolaisten rakkauselämäkerrat 1996; Sexual Autobiographies of Estonians 1996,N72,Q85,1
11,OTHER_PROJECT,Minun yliopistoni 2025 -kirjoituskilpailu 2014-2015; My University in 2025: Writing Competition 2014-2015,Q85,N72,1
11,QD_PROJECT,Tampere Praksis: Palveluohjaajien ja palvelupäällikön näkökulmia perhepalveluohjauksesta 2016; Tampere Praksis: Service Counsellor and Service Manager Views on Family Service Counselling 2016,R88,N72,1
11,QD_PROJECT,Liikunta-alan tutkinnon suorittaneiden urapolut 2018-2019; Career Paths of Sports Graduates 2018-2019,Q85,N72,1
11,QD_PROJECT,Seksuaalivähemmistöt työelämässä 2003: avovastaukset; Sexual Minorities at Work 2003: Open-ended Responses,Q85,N72,1
11,QD_PROJECT,Sosiaalityöntekijöiden kokemuksia vammaispalvelujen ja lastensuojelun jälkihuollon yhteistyöstä 2023-2024; Social Workers' Experiences of Cooperation Between Disability Services and Child Protection Aftercare 2023-2024,Q85,N72,1
11,QD_PROJECT,Suomen Akatemian tutkijaprofessorien haastattelut 1994-1996; Interviews of the Academy of Finland Research Professors 1994-1996,N72,Q85,1
11,QD_PROJECT,Tampere Praksis: Aikuissosiaalityön asiakkaiden kokemuksia toimeentulotuen hakemisesta 2018; Tampere Praksis: Adult Social Work Clients' Views on Applying for Social Assistance 2018,R88,L64,1
11,QD_PROJECT,Suomalainen päihdehoito: A-klinikoiden terapeutit 2008: eläytymistehtävä; Substance Abuse Treatment: Outpatient Clinic Therapist Responses to Frame Stories 2008,N72,R86,1
11,QD_PROJECT,Ihmisoikeudet ruokaturvassa ja kehityksessä Malawissa 2006; Human Rights in Development and Food Security in Malawi 2006,C10,N72,1
11,QD_PROJECT,18-25 -vuotiaiden kokemuksia kasvomaskien käytöstä COVID-19 -pandemian aikana Suomessa 2020-2021; 18-25-Year-Olds' Experiences of Wearing Face Masks during the COVID-19 Pandemic in Finland 2020-2021,N72,S91,1
11,QD_PROJECT,Maaseudun naisten elämänmuodot 1998-2000; Ways of Life of Women Living in Countryside 1998-2000,N72,S91,1
11,QD_PROJECT,Teknologiaelämänkerrat 2007; Technology Biographies 2007,C26,K62,1
11,QD_PROJECT,Haastattelut kulttuurisesta osallistumisesta 2018; Interviews on Cultural Participation 2018,S91,N72,1
11,QD_PROJECT,Ekososiaalinen hyvinvointi ja osallisuus: asukashaastattelut 2021; Ecosocial Well-being and Inclusion: Resident Interviews 2021,N72,R88,1
11,QD_PROJECT,Korruptio ja poliittiset instituutiot Botswanassa ja Itävallassa 2009-2012; Corruption and Political Institutions in Botswana and Austria 2009-2012,N72,S91,1
11,QD_PROJECT,Valtioneuvoston COVID-19 tilannekatsaukset 2020; Finnish Government Media Conferences on COVID-19 2020,R86,N72,1
11,QD_PROJECT,Ympäristökysymykset yhteiskunnallisessa päätöksenteossa 2018; Environmental Issues and Decision-Making 2018,A02,A01,1
11,QD_PROJECT,Liikkumiseen liittyvät motiivit ja tunteet 2019-2021; Motives and emotions related to physical activity 2019-2021,S91,N72,1
11,OTHER_PROJECT,Silloin ekologisuus näyttäytyi elämässäni 2010; Environmental Concerns in My Everyday Life 2010,N72,C10,1
11,QD_PROJECT,"Suomalaisten käsityksiä Neuvostoliitosta, venäläisistä ja virolaisista 1989; Finnish Images of the Soviet Union, Russians and Estonians 1989",S91,N72,1
11,OTHER_PROJECT,Yksi päivä mediaa 2001; One-Day Media Diaries 2001,N72,J60,1
11,QD_PROJECT,Työttömät ja osallisuus 2016-2017; Unemployed People and Inclusion 2016-2017,N72,R88,1
11,QD_PROJECT,Maaseudun naiset yrittäjinä: seurantahaastattelut 2016; Women Entrepreneurs in Rural Areas: Follow-up Interviews 2016,N72,S91,1
11,QD_PROJECT,Psykologien ja psykologian opiskelijoiden näkemyksiä pelaamisesta ja ongelmapelaamisesta 2021; Views of Psychologists and Psychology Students on Digital and Problematic Gaming 2021,K62,N72,1
11,QD_PROJECT,Kaltaistensa kanssa 2001; Homosexual Relationships 2001,N72,S91,1
11,QD_PROJECT,Vammaisten ja kuurojen nuorten koulutuspolut 2007: haastatteluaineisto; Educational Paths of Deaf and Disabled Young People 2007: Interviews,Q85,N72,1
11,OTHER_PROJECT,Brittiläiset pelimusiikkimuistot -kirjoitusaineisto 2021; British Memories of Game Music 2021,N72,S90,1
11,OTHER_PROJECT,Suomalaisen työn tulevaisuus -kirjoituskilpailu 2016-2017; Writing Competition on the Future of Work in Finland 2016-2017,N72,S91,1
11,OTHER_PROJECT,Kirjoituksia kestävästä kehityksestä 2018; Finnish Views on Sustainable Development 2018,E38,N72,1
11,QD_PROJECT,Lasten ja nuorten hyvinvointisuunnittelu kunnissa: viranhaltijoiden ryhmähaastattelut 2008 - 2009; Child and Youth Welfare Policy Planning in Municipalities 2008-2009: Office-holder Group Interviews,N72,P84,1
11,QD_PROJECT,Seksuaalisuus osana elämää 1992; Sexuality as Part of Life 1992,N72,S91,1
11,OTHER_PROJECT,Eroamisilmoitukset Suomen evankelis-luterilaisesta ja ortodoksisesta kirkosta: eroamissyyt 2021; Church Resignation Forms Filed in Finland: Reasons for Resigning 2021,N72,S91,1
11,QD_PROJECT,Nuorten aikuisten kokemuksia sosiaalisen median käytön omaehtoisesta rajoittamisesta 2021; Young Adults' Experiences of Limiting their Social Media Use 2021,N72,S91,1
11,OTHER_PROJECT,Sähköpostivitsit 1998-2004; Email Jokes 1998-2004,N72,Q85,1
11,OTHER_PROJECT,Luontoharrastus ja yhdistystoiminta: lehtiaineistot 1972-2011; Amateur Naturalism and Activities of Nature and Wildlife Organizations: Printed Media Data 1972-2011,S91,C18,1
11,QD_PROJECT,Tampereen ympäristökiistat 1996-2000; Environmental Disputes of Tampere 1996-2000,N72,S91,1
11,OTHER_PROJECT,Muistoja syntymäpäivien viettämisestä 2023-2024; Memories of Celebrating Birthdays 2023-2024,N72,S91,1
11,QD_PROJECT,Ajatuksia moraalista 2001; Moral Behaviour in Everyday Life 2001,N72,S91,1
11,QD_PROJECT,Haastattelut varhaiskasvatusratkaisuista: monikulttuuristen perheiden huoltajat 2017; Interviews on Early Childhood Education and Care Arrangements: Parents in Multicultural Families 2017,Q85,S91,1
11,OTHER_PROJECT,Suomalaisten pelimusiikkimuistot -kirjoitusaineisto 2020; Finnish Memories of Game Music 2020,N72,S90,1
11,QD_PROJECT,"Tutkimusryhmien missio ja yhteistyö Portugalissa, Itävallassa ja Suomessa 2012-2013; Research Group Mission and Collaboration in Portugal, Austria and Finland 2012-2013",N72,,1
11,QD_PROJECT,WeAll-media-aineisto työelämän ja koulutuksen tasa-arvokysymyksistä 2016; WeAll Media Data on Equality Issues in Working Life and Education 2016,N72,Q85,1
11,QD_PROJECT,"Homoseksuaalisuus Suomessa 1940- ja 1960-luvuilla: osa-aineisto, kerätty 1994-1998; Homosexuality in Finland in the 1940s and the 1960s: Partial Data, Gathered 1994-1998",N72,S91,1
11,QD_PROJECT,Julkinen taide aluerakentamisessa ja -kehittämisessä 2018-2019; Public Art in Regional Planning and Development 2018-2019,F41,N72,1
11,QD_PROJECT,Liikettä toiselle asteelle: opettajaopiskelijoiden yksilöhaastattelut 2017-2018; Implementation of Intervention Strategies for Physical Activity Promotion in Upper Secondary Schools: Interviews with Students in Teacher Education 2017-2018,Q85,N72,1
11,QD_PROJECT,My Public Living Room -haastattelut 2014; My Public Living Room Interviews 2014,S91,N72,1
11,QD_PROJECT,Työuupumushaastattelut 2001; Work Fatigue Interviews 2001,N72,S91,1
11,QD_PROJECT,Lähihoitajakoulutuksen etnografia: opiskelijoiden haastattelut 2007-2010; Ethnography of Practical Nurse Education: Student Interviews 2007-2010,Q85,N72,1
11,QD_PROJECT,Miesten haastatteluja työelämästä ja itsestä huolehtimisesta 2017-2018; Interviews with Men on Work and Self-Care 2017-2018,C10,H52,1
11,OTHER_PROJECT,Graffitit Latinalaisessa Amerikassa 2005-2007: valokuva-aineisto; Graffiti in Latin America 2005-2007: Photographs,S91,N72,1
11,OTHER_PROJECT,Eläin perheenjäsenenä 2014-2015; Pets as Family Members 2014-2015,N72,A01,1
11,OTHER_PROJECT,Korkeakouluopiskelijoiden ja vastavalmistuneiden kokemuksia huijarisyndroomasta 2024; Impostor Syndrome Experiences from University Students and Recent Graduates 2024,Q85,,1
11,QD_PROJECT,Vuosina 1940-1990 sijaishuollossa lapsuutensa viettäneiden kokemuksia elämästään 2018; Children in Foster Care 1940-1990: Life Experiences 2018,Q85,N72,1
11,OTHER_PROJECT,Muistoja autoista ja autoilusta 2022; Finnish Memories of Cars and Driving 2022,S91,C29,1
11,QD_PROJECT,Muistiinpanoja capoeira angolan harrastajien ja opettajien haastatteluista 2005-2017; Notes on Capoeira Angola Practitioners' and Teachers' Interviews 2005-2017,N72,Q85,1
11,QD_PROJECT,Nuorten syrjäytymistä ehkäisevien moniammatillisten ryhmien haastattelut 2001-2002; Preventing Youth Social Exclusion 2001-2002: Interviews of Multi-Agency Teams,N72,S91,1
11,QD_PROJECT,Alkoholinkäyttö ja vanhemmuus 2002; Parenthood and Alcohol Use 2002,S91,C11,1
11,OTHER_PROJECT,Ajatuksia energiakriisistä 2022-2023; Finnish Thoughts on Energy Crisis 2022-2023,C27,N72,1
11,OTHER_PROJECT,Arkipäivän kokemuksia köyhyydestä -kirjoituskilpailu 2019; Everyday Experiences of Poverty: Self-administered Writings 2019,N72,Q85,1
11,OTHER_PROJECT,Merkittävimmät opettajamuistot -kirjoitusaineisto 2020; Finnish Memories of Life-changing Teachers 2020,Q85,,1
11,QD_PROJECT,Haastattelut vertaistuesta ja kokemustiedosta lapsi- ja perhepalveluissa 2019-2020; Interviews on Peer Support and Experiential Knowledge in Child and Family Services 2019-2020,N70,N72,1
11,QD_PROJECT,Hevoskauppiaiden haastattelut 2012; Horse Dealer Interviews 2012,A01,C20,1
11,QD_PROJECT,Kysymyksiä vasta eronneille 1999; Recently Divorced 1999,N72,S91,1
11,QD_PROJECT,Terveysteknologian aloilla tutkimus- ja innovaatiotyötä tekevät tohtorinaiset 2018-2020; Women's Careers in Health Technology Research and Innovation 2018-2020,N72,Q85,1
11,QD_PROJECT,"Opettajien ammattirooli, ammatti-identiteetti ja tiedonhankinta 2003-2004; Professional Role, Identity and Information Acquisition of Teachers 2003-2004",Q85,,1
11,OTHER_PROJECT,Kokemuksia kumppanin mielenterveysongelmista lapsiperheessä 2020; Experiences on Partner's Mental Health Problems in Families with Children 2020,N72,O82,1
11,QD_PROJECT,Nuorten aikuisten avohoidollinen mielenterveyskuntoutus 2010-2012: työntekijöiden tiimipalaverit; Community-based Mental Health Rehabilitation of Young Adults 2010-2012: Staff Meetings,N72,R86,1
11,QD_PROJECT,Nuorisovaltuutettujen näkemyksiä ilmastonmuutoksesta 2019; Youth Council Members' Views on Climate Change 2019,N72,S91,1
11,QD_PROJECT,Nuorten tyttöjen kännykän käyttö 1999; Young Girls' Mobile Phone Use 1999,N72,S91,1
11,QD_PROJECT,Lähihoitajakoulutuksen etnografia: kenttäpäiväkirjat 2007-2010; Ethnography of Practical Nurse Education: Field Notes 2007-2010,Q85,N72,1
11,QD_PROJECT,Elämän konkari -kirjoituskilpailu 2013; Veteran of Life 2013: Writing Competition,J58,K62,1
11,QD_PROJECT,Johtaminen monikulttuurisessa koulussa - rehtorihaastattelut 2004; Leadership in Multicultural School 2004: Rector Interviews,Q85,S91,1
11,QD_PROJECT,Nuoret estradille: Valokuvaustyöpajat erityisnuorisotyössä 2015-2016; Young People in the Limelight: Photography Workshops 2015-2016,J58,N72,1
11,QD_PROJECT,Terveys ja videopelaaminen: asiantuntijoiden haastattelut 2021; Health and Digital Gaming: Expert Interviews 2021,R86,C26,1
11,OTHER_PROJECT,Suunta-palvelun ohjaustilanteita sähköpostissa ja chatissa 2013; Career and Study Counselling Provided in Finnish Suunta E-Guidance Service 2013,Q85,C27,1
11,QD_PROJECT,Kaupunkiseutujen viherrakenteen suunnittelu 2013; Collaborative Planning of Urban Green Infrastructure 2013,Q85,N72,1
11,QD_PROJECT,Maaseudun naiset yrittäjinä 2001-2009; Women Entrepreneurs in Rural Areas 2001-2009,N72,S91,1
11,QD_PROJECT,Lapsesta aikuiseksi: 27-vuotiaiden haastattelu 1986: tekstiaineisto; Jyväskylä Longitudinal Study of Personality and Social Development (JYLS): Interviews of 27-Year-Olds 1986: Text Data,N72,Q85,1
11,QD_PROJECT,Kasvatuskumppanuus 2004-2006; Partnerships in Early Childhood Education 2004-2006,N72,Q85,1
11,QD_PROJECT,CP-vammaisten aikuisten elämänhallinta 2008-2010; Well-being of Adults with Cerebral Palsy 2008-2010,H53,N72,1
11,OTHER_PROJECT,Niin kasaria! -kirjoituskilpailu 2015; That's So '80s! Writing Competition 2015,N72,S90,1
11,QD_PROJECT,Sosiaalityön laatu ja vaikuttavuus: työntekijöiden ryhmähaastatteluja sosiaalihuollon palveluista 2024; Quality and Effectiveness of Social Work: Group Interviews with Employees on Social Welfare Services 2024,N72,R88,1
11,OTHER_PROJECT,Opiskelijan elämää 2004; Student Life 2004,Q85,N72,1
11,OTHER_PROJECT,Lapsuuden kokemuksia toisesta vanhemmasta vieraannuttamisesta 2024; Childhood Experiences of Alienation from Another Parent 2024,N72,S91,1
11,OTHER_PROJECT,100 minuuttia taidetta 2019: Taidepassi-kirjaukset; 100 Minutes of Art 2019: Entries in the Taidepassi Participation Diary,S91,S90,1
11,QD_PROJECT,Perhehaastattelut lasten kännykän käytöstä 2000; Family Interviews on Children's Mobile Phone Use 2000,N72,S91,1
11,QD_PROJECT,"Osallisuuden, hyvinvoinnin ja aktiivisuuden edistämisen vaikuttavuus: Yhteinen keittiö -haastattelut 2019; Effectivity of Promotion of Social Inclusion, Well-being, and Activeness: intreviews in Social Kitchens 2019",Q85,R88,1
11,OTHER_PROJECT,Työttömän tarina -kirjoituskilpailu 2018; Stories of Being Unemployed 2018,N72,S91,1
11,QD_PROJECT,Nuoret estradille: Valokuvaustyöpaja alaikäisille turvapaikanhakijoille 2015-2016; Young People in the Limelight: Photography Workshop for Underage Asylum Seekers 2015-2016,N72,C28,1
11,QD_PROJECT,Nuorisojärjestötoimijoiden ryhmähaastattelut 2015; Group Interviews of Youth Organisation Representatives 2015,N72,S91,1
11,QD_PROJECT,Arkipäivän kokemuksia köyhyydestä: seuranta-aineisto 2012; Everyday Experiences of Poverty 2012: Follow-up Study,N72,Q85,1
11,QD_PROJECT,Sosiaalityöntekijöiden näkemyksiä olosuhdeselvitysten tekemisestä 2017; Social Workers' Experiences of Child Custody Evaluation 2017,N72,R88,1
11,QD_PROJECT,Rehtorin rooli ja työtodellisuus oppilaitoksessa 2004-2005; Role and Work of Rectors 2004-2005,N72,Q85,1
11,QD_PROJECT,Vuosiluokkien 3-5 opettajien kokemuksia matematiikan opetuksesta innovatiivisissa oppimisympäristöissä 2022; Teachers' Experiences of Teaching 3-5 Grades Mathematics in Innovative Learning Environments 2022,Q85,,1
11,QD_PROJECT,Tampere Praksis: Huoltoriidat Tampereen kaupungin perhepalveluissa 2017; Tampere Praksis: Custody Disputes in Child Protection Services at the First Stage 2017,Q85,N72,1
11,OTHER_PROJECT,Hoiva-alalla toimivien naisten yrittäjäelämäkerrat 2004-2005; Life Stories of Women Care Entrepreneurs,N72,S91,1
11,QD_PROJECT,Humalakokemukset 2002; Experiences of Being Drunk 2002,S91,C11,1
11,QD_PROJECT,"Paikallinen koulutuseetos: yläkoulujen oppilaiden, henkilökunnan ja huoltajien haastatteluja 2019-2020; Local Educational Ethos: Interviews with Pupils, Staff and Guardians in Secondary Schools 2019-2020",Q85,N72,1
11,QD_PROJECT,Luontoympäristössä työskentelevien varhaiskasvattajien kokemuksia työhyvinvoinnista 2020; Perceptions of Workplace Well-being by Early Childhood Education Teachers Working in a Natural Environment 2020,Q85,,1
11,QD_PROJECT,Sukupuolivähemmistöt työelämässä 2003: avovastaukset; Gender Minorities at Work 2003: Open-ended Responses,N72,Q85,1
11,OTHER_PROJECT,Velkaantuminen ja häpeä -kirjoitusaineisto 2019-2020; Indebtedness and Related Feelings of Shame 2019-2020,Q85,N72,1
11,OTHER_PROJECT,Sukupuolten välisen tasa-arvouutisoinnin seuranta 2008-2013; Gender Equality in Media 2008-2013,J58,N72,1
11,QD_PROJECT,Lasten satuja ja tarinoita 1995-2005; Tales and Stories Told by Children 1995-2005,N72,S91,1
11,QD_PROJECT,Lähihoitajakoulutuksen etnografia: opettajien haastattelut 2007-2010; Ethnography of Practical Nurse Education: Teacher Interviews 2007-2010,Q85,,1
11,OTHER_PROJECT,Politiikkaa ja valtapeliä 2006-2007; Politics and Power Games 2006-2007,N72,S91,1
11,QD_PROJECT,"Smash Asem, oikeusprosessit ja media 2008; Smash Asem, Legal Proceedings and the Media 2008",N72,Q85,1
11,QD_PROJECT,Perhehaastattelut lasten kännykän käytöstä 1997; Family Interviews on Children's Mobile Phone Use 1997,S91,N72,1
11,OTHER_PROJECT,Kulttuuriala koronapandemian aikaan -kirjoitusaineisto 2020; Finnish Cultural Sector during the COVID-19 Pandemic 2020,S91,N72,1
11,QD_PROJECT,Innovaatioyliopiston perustaminen ja media 2008; Creation of the Innovation University and the Media 2008,N72,Q85,1
11,QD_PROJECT,Seksuaali-identiteetit 2001; Sexual Identity 2001,N72,S91,1
11,QD_PROJECT,Yksityisen liikunta-alan työntekijöiden ja yrittäjien haastatteluja 2016-2017; Interviews with Employees and Entrepreneurs in the Private Sports and Physical Activity Sector 2016-2017,N72,S91,1
11,QD_PROJECT,Suomen kriisinhallintaosallistumisen vaikuttavuus Afganistanissa: haastatteluaineisto 2023; Effectiveness of Finland's Crisis Management Operations in Afghanistan: Interviews 2023,N72,O80,1
11,OTHER_PROJECT,Monikulttuuristen nuorten aikuisten kokemuksia monikulttuurisuudesta Suomessa 2020; Multicultural Young Adults' Views on Multiculturalism in Finland 2020,S91,N72,1
11,OTHER_PROJECT,Kännykkä- ja mediapäiväkirjat 1999-2001; Mobile Phone and Media Diaries 1999-2001,S91,J60,1
11,OTHER_PROJECT,Muistoja Chilen vuoden 1973 sotilasvallankaappauksesta 2023; Finnish Memories of Chilean 1973 Military Coup 2023,N72,S91,1
11,QD_PROJECT,Opiskelijoiden luokka-asema: kirjoitusaineisto 2009-2010; Social Class of University Students 2009-2010,Q85,,1
11,QD_PROJECT,Haastattelut ehkäisevän päihdetyön järjestämisestä ja rahapelihaitoista 2016-2017; Interviews on Substance Abuse Prevention and Gambling Harm 2016-2017,N72,N69,1
11,QD_PROJECT,Lennonjohtajien ammatti-identiteetti 1996; Professional Identity of Finnish Air Traffic Controllers 1996,H51,N72,1
11,QD_PROJECT,Perusterveydenhuollon työkykykoordinaattoritoimintaan osallistuneiden asiakkaiden aloitus- ja lopetushaastattelut 2021-2022; Initial and Follow-Up Interviews with Patients Participating in Work Ability Support Services in Primary Health Care 2021-2022,R86,N72,1
11,QD_PROJECT,EduMAP: Aikuiskoulutussektorin päättäjien ja koulutushenkilöstön haastatteluja nuorten aikuisten syrjäytymisestä 2017: Saksa; EduMAP: Interviews with Adult Education Policy-Makers and Personnel on the Social Exclusion of Young Adults 2017: Germany,Q85,N72,1
11,OTHER_PROJECT,"Kåren Kellarin merkitys: weblog-aineisto 2006-2007; Significance of the Disco Club ""Kåren Kellari"" 2006-2007: Weblog Data",N72,S91,1
11,QD_PROJECT,Omaishoito ja ansiotyö 2008-2009; Informal Care and Employment 2008-2009,N72,R86,1
11,OTHER_PROJECT,Videopelejä pelaavien naisten kokemuksia kohtaamistaan ennakkoluuloista 2020; Female Gamers' Experiences of Prejudice 2020,N72,Q85,1
11,OTHER_PROJECT,Sosiaalityöntekijöiden kokemuksia poliittisista luottamustehtävistä 2020; Social Workers' Experiences of Political Positions of Trust 2020,N72,R88,1
11,OTHER_PROJECT,Väsymysoireyhtymää sairastavien kokemuksia sosiaaliturvaetuuksien hakemisesta 2024; Experiences of People with Fatigue Syndrome in Applying for Social Security Benefits 2024,N72,R88,1
11,QD_PROJECT,Nuorten pätkätyöläisten arvot ja elämäntyyli Lapin turistikeskuksissa 2009-2010; Values and Lifestyles of Young Seasonal Employees in Lapland 2009-2010,O79,Q85,1
11,QD_PROJECT,Vammaisten taiteilijoiden elämäntarinat 2018; Life Stories of Disabled Artists 2018,N72,S90,1
11,QD_PROJECT,Burleskiesiintyjien haastatteluja 2020-2021; Interviews with Burlesque Performers 2020-2021,N72,S91,1
11,OTHER_PROJECT,Suomalaisten pornomuistoja 2012; Finnish Experiences and Memories of Pornography 2012,N72,J59,1
11,OTHER_PROJECT,Eroamisilmoitukset Suomen evankelis-luterilaisesta ja ortodoksisesta kirkosta: eroamissyyt 2020; Church Resignation Forms Filed in Finland: Reasons for Resigning 2020,N72,S91,1
11,OTHER_PROJECT,Syöpään sairastuneiden kokemuksia psykososiaalisesta tuesta 2024; Cancer Patients' Experiences of Psychosocial Support 2024,N72,O82,1
11,OTHER_PROJECT,Kokemuksia sijaishuoltopaikasta hatkaamisesta 2022-2023; Finnish Experiences of Running Away from Substitute Care 2022-2023,N72,S91,1
11,QD_PROJECT,Arkipäivän kokemuksia köyhyydestä -kirjoituskilpailu 2006; Everyday Experiences of Poverty: Self-administered Writings 2006,S91,J58,1
11,QD_PROJECT,Alkoholiongelmat ja -politiikka: ryhmähaastattelut 1995; Alcohol Problems and Policy 1995: Group Interviews,N72,S91,1
11,OTHER_PROJECT,Improvisaatiomenetelmä opettajankoulutuksessa: ennakkotehtävät ja oppimispäiväkirjat 2017-2018; Improvisation Training in Teacher Education: Preliminary Assignments and Learning Diaries 2017-2018,Q85,,1
11,QD_PROJECT,Opettajahaastatteluja kulttuuriperinnöstä ja digitalisaatiosta opetuksessa 2016-2017; Teacher Interviews on Cultural Heritage and Digitalisation 2016-2017,Q85,S91,1
11,QD_PROJECT,EduMAP: Aikuiskoulutussektorin päättäjien ja koulutushenkilöstön haastatteluja nuorten aikuisten syrjäytymisestä 2017: Romania; EduMAP: Interviews with Adult Education Policy-Makers and Personnel on the Social Exclusion of Young Adults 2017: Romania,Q85,N72,1
11,QD_PROJECT,Kaikkien yhteinen kulttuuriperintö 2014; Cultural Heritage of Finland 2014,S91,F41,1
11,QD_PROJECT,Nuorten aikuisten avohoidollinen mielenterveyskuntoutus 2010-2012: asiakkaiden haastattelut; Community-based Mental Health Rehabilitation of Young Adults 2010-2012: Client Interviews,R86,N72,1
11,OTHER_PROJECT,Presidentinvaalit 2006: ehdokkaiden vastaukset Yleisradion vaalikoneeseen; Presidential Elections 2006: Candidate Responses to YLE Candidate Selector,J60,N72,1
11,OTHER_PROJECT,Vihapuheesta tuomitut Perussuomalaiset poliitikot: lehtiaineisto 2016-2017; News Articles about Finns Party Members Convicted of Hate Speech 2016-2017,J58,N72,1
11,OTHER_PROJECT,Eroamisilmoitukset Suomen evankelis-luterilaisesta ja ortodoksisesta kirkosta: eroamissyyt 2025; Church Resignation Forms Filed in Finland: Reasons for Resigning 2025,N72,S91,1
11,OTHER_PROJECT,Lapsuus ja lasten ystäväsuhteet 1900-luvun Suomessa -kirjoitusaineisto 2018-2019; Childhood Friendships in 20th Century Finland 2018-2019,N72,Q85,1
11,QD_PROJECT,Opettajaopiskelijoiden haastatteluja elämän tarkoituksesta 2021; Interviews with Students in Teacher Education on the Purpose of Life 2021,Q85,,1
11,QD_PROJECT,"Tampere Praksis: Sosiaalityön lähijohtajien ajatuksia lähijohtamisesta, työhyvinvoinnista ja muutosjohtamisesta 2018; Tampere Praksis: First-Line Managers' Views on Managerial Work, Workplace Wellbeing and Change Management in Social Work 2018",R88,Q85,1
11,QD_PROJECT,Erityislapsiperheiden tukiverkostot 2014; Support Networks of Families with Special Needs Children 2014,N72,O82,1
11,QD_PROJECT,Sosiaalityön laatu ja vaikuttavuus: Ecomap-työskentelyn asiakas-työntekijäkeskustelut 2025; Quality and Effectiveness of Social Work: Client-Employee Discussions 2025,R88,N72,1
11,QD_PROJECT,Maaseudun naisten päiväkirjat 1993-1994; Diaries of Women Living in Countryside 1993-1994,N72,S91,1
11,OTHER_PROJECT,Suomalaisten kokemuksia sisäilmaongelmista 2014; Finnish Experiences of Indoor Air Quality Problems 2014,N72,F41,1
11,OTHER_PROJECT,Eroamisilmoitukset Suomen evankelis-luterilaisesta ja ortodoksisesta kirkosta: eroamissyyt 2018; Church Resignation Forms Filed in Finland: Reasons for Resigning 2018,N72,S91,1
11,QD_PROJECT,Tarinat pelosta ja pelottelusta työelämässä 2008-2009; Stories about Fear and Intimidation at Work 2008-2009,N72,Q85,1
11,QD_PROJECT,Suomen tarinat: tekijähaastattelut 2021-2022; The Narratives of Finland: Exhibition Creator Interviews 2021-2022,S91,N72,1
11,QD_PROJECT,Vanhustyöntekijöiden näkemykset kotona asuvista vanhusasiakkaista: haastattelut 2005; Elderly Care Worker Perceptions of Elderly Persons Living at Home,N72,S91,1
11,QD_PROJECT,Lapsiperheiden elinolosuhteiden muutokset 1990-luvun Suomessa 1996; Changes in Living Conditions of Families with Children in 1990s Finland 1996,N72,Q85,1
11,OTHER_PROJECT,"Korona-aiheinen uutisointi Helsingin Sanomissa, Asahi Shimbunissa ja Dagens Nyheterissä 2020; News Articles about COVID-19 in Helsingin Sanomat, Asahi Shimbun and Dagens Nyheter 2020",N72,,1
11,OTHER_PROJECT,Kirjoituksia koirani elämästä 2022; Stories of my Dog's Life 2022,A01,N72,1
11,OTHER_PROJECT,Vakuudettoman kulutusluoton käyttö -kirjoitusaineisto 2018-2019; Experiences of Unsecured Consumer Loans 2018-2019,Q85,L64,1
11,QD_PROJECT,EduMAP: Aikuiskoulutussektorin päättäjien ja koulutushenkilöstön haastatteluja nuorten aikuisten syrjäytymisestä 2017: Turkki; EduMAP: Interviews with Adult Education Policy-Makers and Personnel on the Social Exclusion of Young Adults 2017: Turkey,Q85,N72,1
11,QD_PROJECT,Mielipiteitä alkoholista 2002; Opinions on Alcohol 2002,S91,C11,1
11,QD_PROJECT,Perhehaastattelut lasten kännykän käytöstä 1999; Family Interviews on Children's Mobile Phone Use 1999,N72,S91,1
11,QD_PROJECT,Sateenkaarinuorena nyt ja ennen 2014; Life for LGBTIQA Youth in the Past and Present 2014,N72,Q85,1
11,OTHER_PROJECT,Suomalaisten Interrail-muistoja 2018; Finnish Experiences and Memories of Interrail 2018,O79,N72,1
11,QD_PROJECT,Opettajankoulutuksen vetovoima: fokusryhmähaastattelut 2020; Attractiveness of Teacher Education: Focus Group Interviews 2020,Q85,,1
11,QD_PROJECT,Vanhempien kokemuksia vertaistukiryhmistä osana lastensuojelun avohuoltoa 2020; Parents' Experiences of Peer Support Groups as Part of Non-institutional Social Care in Child Welfare 2020,N72,O82,1
11,QD_PROJECT,Luokanopettajien kokemuksia koronapandemian ajasta 2021; Class Teachers' Experiences of COVID-19 Pandemic 2021,Q85,,1
11,OTHER_PROJECT,Töissä ja köyhä -kirjoitusaineisto 2015; Working and Poor 2015,Q85,,1
11,OTHER_PROJECT,Syitä olla hakeutumatta luokanopettajakoulutukseen - kirjoitusaineisto 2019; Classroom Teacher Students' Views on Reasons to Not Pursue Teacher Training 2019,Q85,,1
11,QD_PROJECT,Päiväkotilasten haastattelut 2009; Day Nursery Children 2009: Interviews,N72,O82,1
11,QD_PROJECT,Terveydenhuollon vuokratyö: haastattelut 2006; Temporary Agency Work in Health Care 2006: Interviews,R86,N72,1
11,QD_PROJECT,Nuorten poikien kännykän käyttö 1999; Young Boys' Mobile Phone Use 1999,N72,S91,1
11,QD_PROJECT,Suomalaisten nuorten juomatavat 2019-2022; Drinking Habits of Finnish Adolescents 2019-2022,S91,C11,1
11,QD_PROJECT,Naiset ja sota 1987 - 1988; Women and War 1987-1988,Q85,N72,1
11,OTHER_PROJECT,Vammaisena Suomessa 2013-2014; Life of Disabled Persons in Finland 2013-2014,N72,S91,1
11,QD_PROJECT,Haastattelut varhaiskasvatusratkaisuista korona-aikana: alle kouluikäisten lasten huoltajat 2020-2021; Interviews on Early Childhood Education and Care Arrangements during COVID-19: Parents of Children under School Age 2020-2021,Q85,K62,1
11,QD_PROJECT,Terveys ja videopelaaminen: pelaajien seurantahaastattelut 2022; Health and Digital Gaming: Follow-up Gamer Interviews 2022,C26,K62,1
11,QD_PROJECT,Työelämävalmentajien haastattelut 2008-2010; Interviews of Career Coaches 2008-2010,N72,Q85,1
11,QD_PROJECT,Päihteiden väärinkäyttäjien käynnit A-klinikoilla: asiakastapaamiset 2008-2009; Substance Abuse Treatment in Outpatient Clinics: Client Meetings 2008-2009,R86,N72,1
11,OTHER_PROJECT,Kokemuksia sosiaali- ja terveyspalveluista Suomessa koronapandemian aikana 2020; Experiences of Social and Health Services in Finland during COVID-19 Pandemic 2020,R86,N72,1
11,OTHER_PROJECT,Oma ulkonäkö muistoissani 2015; Body Image and Childhood Memories 2015,C14,N72,1
11,QD_PROJECT,Miehen sydäninfarktikokemus 1997-1998; Men's Experiences of Myocardial Infarction 1997-1998,R86,N72,1
11,OTHER_PROJECT,Suomalaisten ruokapäiväkirjat 2023; Food Diaries of Finns 2023,C10,N72,1
11,QD_PROJECT,Vammaisten arkielämä ja itsemäärääminen 2007; Daily Life and Autonomy of Disabled People 2007,N72,C29,1
11,QD_PROJECT,Kulttuurienvälisyys ja julkinen tila Torontossa 2011-2013; Intercultural Urban Public Space in Toronto 2011-2013,S91,N72,1
11,QD_PROJECT,Naisten kokemuksia kehopositiivisesta selfie-valokuvauksesta 2018; Women's Experiences of Body Positive Selfie Production 2018,N72,S91,1
11,OTHER_PROJECT,Kokemuksia julkisista vessoista 2023; Experiences of Public Toilets 2023,S91,B06,1
11,QD_PROJECT,Kuulonäkövammaisten lasten vanhemmat 2007; Parents of Deafblind Children 2007,C29,J58,1
11,OTHER_PROJECT,Gustaf Alfred af Hällströmin kirjasto ja kirjaostot 1845-1861; Gustaf Alfred af Hällström: library and purchases of printed works 1845-1861,S91,N72,1
11,QD_PROJECT,Paikallisten organisaatioiden rooli kotouttamistyössä Jyväskylässä 2018; The Role of Local Organisations in Immigrant Integration in Jyväskylä 2018,S91,N72,1
11,QD_PROJECT,Tekstiviestintä nuorten kulttuurissa 1998; Text Messaging in Youth Culture 1998,N72,S91,1
11,QD_PROJECT,Kulttuurityöntekijäin liiton aktiivien haastattelut 2012-2013; Interviews of Active Members of the Association for Cultural Workers in Finland 2012-2013,S91,S90,1
11,OTHER_PROJECT,Yöllinen hoiva pikkulapsiperheissä -kirjoitusaineisto 2022; Finnish Experiences of Nighttime Parenting in Families with Small Children 2022,Q85,N72,1
11,QD_PROJECT,Nuoret estradille: Nuorten teatterityöpaja 2016; Young People in the Limelight: Theatre Workshop 2016,S90,N72,1
11,QD_PROJECT,Suomalaisten sosiologien haastatteluja 1978-1981; Interviews of Finnish Sociologists 1978-1981,N72,,1
11,OTHER_PROJECT,Eroamisilmoitukset Suomen evankelis-luterilaisesta ja ortodoksisesta kirkosta: eroamissyyt 2024; Church Resignation Forms Filed in Finland: Reasons for Resigning 2024,N72,S91,1
11,OTHER_PROJECT,Isovanhemmuuden uudet haasteet -kirjoituskilpailu 2009; New Challenges of Grandparenting 2009: Writing Competition,C17,N72,1
11,QD_PROJECT,Perunaruttoa kestävän muuntogeenisen perunan hyväksyttävyys: kohderyhmäkeskustelu 2006; Acceptability of Genetically Manipulated Potato Resistant to Blight 2006: Focus Group Discussion,A01,S91,1
11,QD_PROJECT,Haastattelut digitaalisen tutkimuksen fasilitoinnista 2017; Facilitating Digital Humanities Research 2017,N72,S91,1
11,QD_PROJECT,EduMAP: Aikuiskoulutussektorin päättäjien ja koulutushenkilöstön haastatteluja nuorten aikuisten syrjäytymisestä 2017-2018: Yhdistynyt kuningaskunta; EduMAP: Interviews with Adult Education Policy-Makers and Personnel on the Social Exclusion of Young Adults 2017-2018: United Kingdom,Q85,N72,1
11,QD_PROJECT,Avoimen tieteen ja tutkimuksen koordinaation itsearviointi 2018-2021: haastattelut 2021; Open Science and Research Coordination Self-Assessment 2018-2021: Interviews 2021,N72,R88,1
11,OTHER_PROJECT,Ikääntyvien vammaisten kirjoituksia elämästään 2021; Finnish Experiences of Disability and Aging 2021,N72,S91,1
11,QD_PROJECT,Kotoutumista tukevien sosiaali- ja työllisyyspalveluiden ammattilaisten haastatteluja luottamuksesta ja epäluottamuksesta viranomaiskohtaamisissa 2021-2022; Interviews with Professionals from Social Services that Support Integration and Employment Services on Trust and Distrust in Encounters with Authorities 2021-2022,N72,O78,1
11,QD_PROJECT,Pääkaupunkiseutulaisten nuorten aikuisten haastatteluja uskonnottomuudesta 2018; Interviews on Nonreligion with Young Adults in the Capital Region 2018,N72,Q85,1
11,QD_PROJECT,Ammattiin opiskelevien liikunnan lisäämisen ja istumisen vähentämisen interventiotutkimus: opiskelijahaastattelut 2015-2017; Intervention Study on Increasing Physical Activity and Reducing Sedentary Behaviour of Vocational Students: Student Interviews 2015-2017,Q85,N72,1
11,QD_PROJECT,Puolisottomat ja lapsettomat naiset 2004: haastattelut vain tutkimuskäyttöön; Women without Spouse and Children 2004: Interviews for Research Purposes Only,N72,C17,1
11,OTHER_PROJECT,Muistoja lapsuudessa koetuista peloista 2020-2021; Finnish Memories of Childhood Fears 2020-2021,N72,S91,1
11,QD_PROJECT,Alkoholinkäytön syyt ja selitykset 2002; Reasons for Alcohol Use 2002,S91,C11,1
11,QD_PROJECT,"Työttömien nuorten näkemyksiä työstä, toimeentulosta ja hyvinvoinnista 2016; Unemployed Young Adults' Perceptions of Work, Livelihood and Well-being 2016",N72,R88,1
11,QD_PROJECT,Tutkijoiden viestintä tutkimusyhteisön ulkopuolelle kulttuurialalla 2018; Science Communication to the Public in Cultural Research 2018,N72,S91,1
11,QD_PROJECT,SOS-kriisikeskuksen asiakkaiden haastattelut 2017; Interviews of SOS Crisis Center Clients 2017,N72,O82,1
11,QD_PROJECT,Nuorten aikuisten avohoidollinen mielenterveyskuntoutus 2010-2012: moniammatilliset palaverit; Community-based Mental Health Rehabilitation of Young Adults 2010-2012: Multi-agency and Client Meetings,R86,R88,1
11,QD_PROJECT,Suomalainen päihdehoito: päihdetyöntekijän alalle hakeutuminen 2008; Substance Abuse Treatment: Reasons for Career Choice 2008,N72,Q85,1
11,QD_PROJECT,EduMAP: Aikuiskoulutussektorin päättäjien ja koulutushenkilöstön haastatteluja nuorten aikuisten syrjäytymisestä 2017: Viro; EduMAP: Interviews with Adult Education Policy-Makers and Personnel on the Social Exclusion of Young Adults 2017: Estonia,Q85,N72,1
11,QD_PROJECT,Perhehaastattelut lasten kännykän käytöstä 2001-2002; Family Interviews on Children's Mobile Phone Use 2001-2002,N72,S91,1
11,QD_PROJECT,Väkivaltakokemukset 2001; Experiences of Violence 2001,N72,Q85,1
11,QD_PROJECT,Entiset aktivistit 2010; Interviews of Former Finnish Activists 2010,N72,A01,1
11,QD_PROJECT,Hyvä vapaa-aika: haastattelumuistiinpanot ja havaintopäiväkirjat 2013-2017; Enhancing Leisure Time Activities: Interview Notes and Observation Diaries 2013-2017,Q85,N72,1
11,OTHER_PROJECT,Kokemuksia lähisuhdeväkivallasta lapsuudessa 2024; Experiences of Domestic Violence in Childhood 2024,N72,S91,1
11,QD_PROJECT,Helsingin syyttäjänviraston historiikkihaastattelut 2013; Interviews on the History of the Prosecutor's Office of Helsinki 2013,Q85,S91,1
11,QD_PROJECT,Hoitajien palkkakiista ja media 2007-2008; Labour Conflict of the Nurses and the Media 2007-2008,N72,R86,1
11,QD_PROJECT,Nuorten tyttöjen kännykän käyttö 2000-2002; Young Girls' Mobile Phone Use 2000-2002,N72,S91,1
11,QD_PROJECT,Lapsesta aikuiseksi: 14-vuotiaiden vanhempien haastattelu 1974: tekstiaineisto; Jyväskylä Longitudinal Study of Personality and Social Development (JYLS): Interviews of Parents of 14-Year-Olds 1974: Text Data,Q85,N72,1
11,OTHER_PROJECT,Eroamisilmoitukset Suomen evankelis-luterilaisesta ja ortodoksisesta kirkosta: eroamissyyt 2022; Church Resignation Forms Filed in Finland: Reasons for Resigning 2022,N72,S91,1
11,OTHER_PROJECT,100 minuuttia taidetta 2019: yksityishenkilöt; 100 Minutes of Art 2019: Individuals,S91,S90,1
11,QD_PROJECT,Poliittisuus ja julkinen pedagogiikka musiikin korkeakoulutuksessa: fokusryhmähaastattelut Pohjoismaissa 2024; Political Life and Public Pedagogy in the Higher Music Education: Focus Group Interviews in Nordic Countries 2024,Q85,,1
11,QD_PROJECT,Kännyköiden tulo kouluun: opettajahaastattelut 1997-2000; Appearance of Mobile Phones in Schools 1997-2000: Teacher Interviews,Q85,N72,1
11,QD_PROJECT,Lapsesta aikuiseksi: 14-vuotiaiden opettajan haastattelu 1974: tekstiaineisto; Jyväskylä Longitudinal Study of Personality and Social Development (JYLS): Interviews of Teachers of 14-Year-Olds 1974: Text Data,Q85,N72,1
11,OTHER_PROJECT,Kirjoituksia vapaaehtoistyöstä turvapaikanhakijoiden parissa 2018-2019; Finnish Experiences of Volunteering with Asylum Seekers 2018-2019,N72,S91,1
11,QD_PROJECT,Suomalainen päihdehoito: laitosten terapeutit 2008: eläytymistehtävä; Substance Abuse Treatment: Inpatient Treatment Therapist Responses to Frame Stories 2008,N72,R86,1
11,QD_PROJECT,Sosiaalityön laatu ja vaikuttavuus: asiakkaiden haastatteluja sosiaalihuollon palveluista 2024-2025; Quality and Effectiveness of Social Work: Client Interviews on Social Welfare Services 2024-2025,R88,N72,1
11,OTHER_PROJECT,Muistoja ja mielikuvia radioaktiivisuuden ilmiöistä 2015; Memories and Mental Images of Phenomena Related to Radioactivity 2015,N72,S91,1
11,QD_PROJECT,Perusterveydenhuollon ja työterveyshuollon henkilökunnan kokemuksia potilaiden työkyvyn tukemisesta 2020-2021; Primary and Occupational Health Care Staff's Experiences of Supporting Patients' Work Ability 2020-2021,R86,,1
11,QD_PROJECT,Isä ja isyys: Nyt-liitteen isänpäivän kysely 2003; Fatherhood 2003,Q85,N72,1
11,QD_PROJECT,Sidosryhmien kokemuksia Nord Stream 2 -projektista 2019; Stakeholders' Perceptions of the Nord Stream 2 Project 2019,B06,D35,1
11,QD_PROJECT,Ensihoitajien haastattelut 2010; Interviews of Paramedics 2010,R86,Q85,1
11,OTHER_PROJECT,Äitiyspakkausmuistoni 2020-2021; Finnish Maternity Package Memories 2020-2021,N72,Q85,1
11,OTHER_PROJECT,Parlamenttikeskusteluja neljästätoista maasta 1994-2013; Parliamentary Debates in Fourteen Countries 1994-2013,N72,Q85,1
11,QD_PROJECT,EduMAP: Aikuiskoulutussektorin päättäjien ja koulutushenkilöstön haastatteluja nuorten aikuisten syrjäytymisestä 2017: Espanja; EduMAP: Interviews with Adult Education Policy-Makers and Personnel on the Social Exclusion of Young Adults 2017: Spain,Q85,N72,1
11,QD_PROJECT,Metsäkoneyrittäjien työn muutos 1998; Transformation of the Work of Forest Machine Contractors 1998,A02,,1
11,QD_PROJECT,Seurustelevat nuoret ja kännykän käyttö 1999; Dating Young People and Mobile Phone Use 1999,N72,S91,1
11,OTHER_PROJECT,Kokemuksia sukupolvien välisistä eroista 2022-2023; Experiences of Generational Differences 2022-2023,S91,N72,1
11,QD_PROJECT,Opiskelijoiden ja henkilökunnan haastatteluita korkea-asteen opetussuunnitelmatyöstä 2009 ja 2012; Student and Staff Interviews on Curriculum Development in Higher Education 2009 and 2012,Q85,,1
11,QD_PROJECT,Suomen tarinat: kävijähaastattelut 2021-2022; The Narratives of Finland: Visitor Interviews 2021-2022,S91,N72,1
11,QD_PROJECT,Pitkäaikaissairaiden ja fyysisesti vammaisten nuorten aikuisten vapausmerkitykset 2018; Disabled and Chronically Ill Young Adults' Notions of Freedom 2018,N72,Q85,1
11,QD_PROJECT,Sota-ajan pikkupojat 1999-2001; Father-Son Relationships and the War 1999-2001,N72,S91,1
11,QD_PROJECT,Tampere Praksis: Ryhmäkeskustelut onnistumisen tarinoista sosiaalityössä 2012-2013; Tampere Praksis: Group Discussions on Success Stories in Social Work 2012-2013,R88,K62,1
11,OTHER_PROJECT,Varhaiskasvatuksen opettajien kokemuksia positiivisesta pedagogiikasta 2024-2025; Early Childhood Education Teachers' Experiences of Positive Pedagogy 2024-2025,Q85,,1
11,OTHER_PROJECT,Kokemuksia vuoroasumisesta ja lasten kulujen jakamisesta 2024; Experiences on Shared Custody and Sharing Children's Expenses 2024,N72,S91,1
11,QD_PROJECT,Nuorten arkipäivän kokemuksia köyhyydestä -kirjoitusaineisto 2022; Everyday Experiences of Poverty: Self-administered Writings by Young People 2022,N72,S91,1
11,OTHER_PROJECT,Eroamisilmoitukset Suomen evankelis-luterilaisesta ja ortodoksisesta kirkosta: eroamissyyt 2023; Church Resignation Forms Filed in Finland: Reasons for Resigning 2023,N72,S91,1
11,OTHER_PROJECT,Väkivaltaa kokeneiden opettajien kirjoituksia saamastaan esihenkilötuesta 2024-2025; Teachers' Writings on Experiencing Violence and Receiving Support 2024-2025,Q85,,1
11,OTHER_PROJECT,Ydinjätepäätös 2001; Decision on Final Disposal of Nuclear Waste 2001,E38,N72,1
11,QD_PROJECT,Työttömän arki Oulussa 1996: ryhmäkeskustelut; Life of the Unemployed in Oulu 1996: Group Discussions,N72,O78,1
11,QD_PROJECT,Nuorten aikuisten haastattelut mediankäytöstä 2019; Media Use of Young Adults 2019,N72,Q85,1
11,QD_PROJECT,Ulkoistettujen terveysasemien työntekijöiden ja viranhaltijoiden haastattelut 2008; Outsourced Health Services: Interviews of Office-holders and Medical Staff 2008,R86,,1
11,QD_PROJECT,Mielipiteitä alkoholista: osa-aineisto; Opinions on Alcohol: Partial Data,S91,C11,1
11,QD_PROJECT,Videopelaaminen koronapandemian aikana: haastattelut 2020; Playing Video Games during the COVID-19 Pandemic: Interviews 2020,N72,Q85,1
11,QD_PROJECT,Liikkuva nuorisotyö: työntekijöiden ja nuorten haastatteluja 2021-2022; Mobile Youth Work: Interviews with Youth Workers and Youth 2021-2022,C29,N72,1
11,OTHER_PROJECT,Muistoja pakettimatkailusta 2024; Memories of Package Holidays 2024,O79,N72,1
11,QD_PROJECT,Ulkomaalaisten korkeakouluopiskelijoiden teemahaastattelut 2002; Interviews of Foreign Students in Finland's Higher Education Institutions 2002,Q85,S91,1
11,OTHER_PROJECT,Presidentinvaalit 2006: ehdokkaiden vastaukset MTV3:n vaalikoneeseen; Presidential Elections 2006: Candidate Responses to MTV3 Candidate Selector,N72,O80,1
11,QD_PROJECT,Opiskelijoiden kokemuksia ja mielikuvia juomisesta 2009-2011; Students' Experiences and Perceptions of Drinking 2009-2011,Q85,,1
11,QD_PROJECT,Gerontologinen sosiaalityö: haastatteluaineisto 2000; Gerontological Social Work 2000: Interviews,N72,R88,1
11,QD_PROJECT,Huumekysely 2000; Drug Use Survey 2000,C17,N72,1
11,QD_PROJECT,Kasvatus- ja koulutustietojen hyödyntämisen sujuvoittamisselvitys: tiedontuottajien kysely 2023; Study on Streamlining the Use of Education and Training Data: Data Producers' Survey 2023,Q85,S91,1
11,OTHER_PROJECT,Presidentinvaalit 2006: ehdokkaiden vastaukset Helsingin Sanomien vaalikoneeseen; Presidential Elections 2006: Candidate Responses to HS Candidate Selector,N72,O80,1
11,QD_PROJECT,Elämäntapayrittäjyys 2011-2014; Lifestyle Entrepreneurship 2011-2014,N72,I55,1
11,QD_PROJECT,Onnen kukkuloilla: vastavihityt 1999; Just Married 1999,N72,S91,1
11,QD_PROJECT,Fokusryhmähaastatteluja nuorten työttömyysturvan koulutukseen hakuvelvoitteesta 2021; Focus Group Interviews on the Youth Obligation to Apply for Education 2021,Q85,,1
11,OTHER_PROJECT,Ruoan merkitykset arjessa -kirjoitusaineisto 2021; Finnish Views on the Meaning of Food in Everyday Life 2021,Q85,C10,1
11,QD_PROJECT,Myöhäisnuorten kännykän käyttö 1998-1999; Mobile Phone Use of Late Teens 1998-1999,N72,S91,1
11,QD_PROJECT,Äitinä aikuiselle 2000; Mothers and Grown-up Children 2000,N72,S91,1
11,OTHER_PROJECT,Maahanmuuttajaoppaat 2005; Guides for Immigrants and Immigration Services 2005,S91,Q85,1
11,QD_PROJECT,Nuorten aikuisten avohoidollinen mielenterveyskuntoutus 2010-2012: yhteistyökumppaneiden haastattelut; Community-based Mental Health Rehabilitation of Young Adults 2010-2012: Interviews of Cooperating Service Providers,R86,R88,1
11,QD_PROJECT,EduMAP: Aikuiskoulutussektorin päättäjien ja koulutushenkilöstön haastatteluja nuorten aikuisten syrjäytymisestä 2017: Suomi; EduMAP: Interviews with Adult Education Policy-Makers and Personnel on the Social Exclusion of Young Adults 2017: Finland,Q85,S91,1
11,OTHER_PROJECT,Eroamisilmoitukset Suomen evankelis-luterilaisesta ja ortodoksisesta kirkosta: eroamissyyt 2010-2017; Church Resignation Forms Filed in Finland: Reasons for Resigning 2010-2017,N72,S91,1
11,OTHER_PROJECT,Kauppa- ja tietojenkäsittelytieteiden opiskelijoiden hyvinvointi 2017-2018; Well-Being of Economics and Computer Science Students 2017-2018,Q85,,1
11,OTHER_PROJECT,Yli 30-vuotiaiden muistoja nuoruudessa koetusta yksinäisyydestä 2023-2024; Memories of Loneliness Experienced in Adolescence by over 30-Year-Olds 2023-2024,N72,S91,1
11,OTHER_PROJECT,Ilmastonmuutos ja ympäristö elämässäni -kirjoituskilpailu 2010-2011; Environment and Climate Change in My Life 2010-2011: Writing Competition,C17,J58,1
11,QD_PROJECT,Kokemukset masennuksen hoidosta ja toipumisesta 2002; Depression Treatment and Recovery 2002,R86,N72,1
11,QD_PROJECT,"Homoseksuaalisuus Suomessa 1940- ja 1960-luvuilla 1994-1998; Homosexuality in Finland in the 1940s and the 1960s, Data Gathered 1994-1998",N72,S91,1
11,QD_PROJECT,Kauhajoen yrittäjyystutkimuksen haastattelut 2013; Interviews on Enterprise Development in Kauhajoki 2013,N72,S91,1
11,QD_PROJECT,Yhdeksäsluokkalaisten kirjoituksia onnellisuudesta 2019; Ninth-Graders' Views on Happiness 2019,N72,Q85,1
11,QD_PROJECT,EduMAP: Aikuiskoulutussektorin päättäjien ja koulutushenkilöstön haastatteluja nuorten aikuisten syrjäytymisestä 2017: Unkari; EduMAP: Interviews with Adult Education Policy-Makers and Personnel on the Social Exclusion of Young Adults 2017: Hungary,Q85,N72,1
11,QD_PROJECT,Yhteisöperustainen matkailu Nicaraguassa 2008; Community-based Tourism in Nicaragua 2008,N72,O79,1
11,QD_PROJECT,Uusimman liikeaallon aktivistien haastattelut 2000-2001; Interviews of Finnish Activists 2000-2001,A01,N72,1
11,OTHER_PROJECT,Erovanhemmuuskirjoitukset 2011-2012; Parenthood after Divorce 2011-2012,N72,S91,1
11,QD_PROJECT,Sosiaalityön laatu ja vaikuttavuus: tutkijasosiaalityöntekijöiden vertaisreflektointikeskustelut 2024-2025; Quality and Effectiveness of Social Work: Peer Reflection Discussions of Research Social Workers 2024-2025,N72,R88,1
11,QD_PROJECT,Nuorten politiikka 2009: esseevastaukset; Young People and Politics 2009: Essay Responses,N72,Q85,1
11,QD_PROJECT,Ikääntyvät ja matkapuhelimet 1999 ja 2002; Elderly and Mobile Phones 1999 and 2002,K62,S91,1
11,OTHER_PROJECT,Yhteiskuntatutkimuksen opiskelijoiden näkemyksiä poliittisen mielipiteensä muodostumisesta 2020; Social Research Students' Views on Forming Political Opinions 2020,Q85,N72,1
11,OTHER_PROJECT,Yliopisto-opiskelijoiden kirjoituksia tulevaisuuden mielikuvistaan 2021; University Students' Views on the Future 2021,Q85,,1
11,QD_PROJECT,Kostamus-työntekijöiden jälkeläisten haastatteluja 2018; Interviews with Descendants of Finnish Workers in Kostamus 2018,F41,N72,1
11,QD_PROJECT,Yläkoululaisten ajatuksia sukupuolirooleista ja elämästä 2017-2018; Lower Secondary Student Views on Gender Roles and Life 2017-2018,Q85,N72,1
11,OTHER_PROJECT,Sinuiksi-palvelun kysymykset ja asiantuntijavastaukset 2014-2015; Anonymous Questions and Expert Responses in the Sinuiksi Online Question and Answer Service 2014-2015,N72,O82,1
11,OTHER_PROJECT,Petäjävetisten kokemuksia kohtaamastaan vesikriisistä 2020; Residents' Experiences of the Petäjävesi Water Crisis 2020,E36,N72,1
11,OTHER_PROJECT,Yliopisto-opiskelijoiden kokemuksia asiantuntijuudesta 2019-2020; University Students' Perceptions of Expertise 2019-2020,Q85,,1
11,OTHER_PROJECT,Ilman parisuhdetta elävät miehet 2018-2019; Men Living without a Steady Relationship 2018-2019,N72,S91,1
11,QD_PROJECT,Julkaisukäytännöt eri tieteenaloilla: professorihaastattelut 2007; Disciplinary Differences in Publishing Practices 2007: Professor Interviews,N72,J58,1
11,QD_PROJECT,Helsingin Sanomien homoseksuaalisuusmaininnat joulukuu 2002-helmikuu 2003; Homosexuality in a Daily Newspaper,N72,S91,1
11,QD_PROJECT,Pätkätyöläisten urakertomukset 2006 -haastattelut; Occupational Identities of Fixed-Term Employees 2006,Q85,N72,1
11,QD_PROJECT,Puolisottomat ja lapsettomat naiset 2004: haastattelut opetus- ja tutkimuskäyttöön; Women without Spouse and Children 2004: Interviews for Teaching and Research Purposes,N72,C17,1
11,QD_PROJECT,Perhehaastattelut lasten kännykän käytöstä 1998; Family Interviews on Children's Mobile Phone Use 1998,N72,S91,1
11,QD_PROJECT,Yritysjohtajien ja suorahakukonsulttien haastatteluja 2014-2015; Interviews of Business Managers and Executive Search Professionals 2014-2015,C23,N72,1
11,QD_PROJECT,NEET-nuorten ja työntekijöiden haastattelut ammatillisiin opintoihin valmentavassa koulutushankkeessa 2013; Interviews of NEET Youth and Preparatory Vocational Education Project Workers 2013,N72,Q85,1
11,OTHER_PROJECT,Noviisiopettajien äänenkäytön kokemukset 2019; Novice Teacher Experiences of Vocal Issues 2019,Q85,,1
11,QD_PROJECT,Naisten Valmiusliiton NASTA-harjoituksiin osallistuneiden haastatteluja 2018-2019; Interviews with Participants of NASTA Training by Women's National Emergency Preparedness Association 2018-2019,N72,Q85,1
11,QD_PROJECT,"Arkipäivän kokemuksia köyhyydestä: osa-aineisto 2006; Everyday Experiences of Poverty: Study, Research and Teaching Material 2006",J58,N72,1
11,QD_PROJECT,Yksinhuoltajien haastattelut 2001 ja 2003; Single Parent Interviews 2001 and 2003,Q85,N72,1
11,QD_PROJECT,Nuorten aikuisten avohoidollinen mielenterveyskuntoutus 2010-2012: työntekijöiden ryhmähaastattelut; Community-based Mental Health Rehabilitation of Young Adults 2010-2012: Staff Group Interviews,R86,N72,1
11,OTHER_PROJECT,Synnytys- ja raskauskertomukset 2001-2007; Pregnancy and Childbirth Stories 2001-2007,N72,S91,1
11,QD_PROJECT,Parisuhdemoraali 2001; Unfaithfulness in Steady Relationships 2001,N72,S91,1
11,OTHER_PROJECT,Elämää aikuisvaippojen kanssa -kirjoitusaineisto 2020-2021; Experiences of Life with Adult Incontinence Pads 2020-2021,N72,S91,1
11,QD_PROJECT,Linuxia käyttävät naiset: haastattelut 2010-2012; Female Linux Users: Interviews 2010-2012,K62,,1
11,QD_PROJECT,Täysi-ikäisten suomalaisten haastatteluja digitaalisen pelaamisen käytännöistä ja esteettisistä kokemuksista 2023; Interviews with Finnish Adults on Digital Gaming Practices and Aesthetic Experiences 2023,N72,K62,1
11,OTHER_PROJECT,Eroamisilmoitukset Suomen evankelis-luterilaisesta ja ortodoksisesta kirkosta: eroamissyyt 2019; Church Resignation Forms Filed in Finland: Reasons for Resigning 2019,N72,S91,1
11,QD_PROJECT,Nuoret estradille: Luovan kirjoittamisen työpaja 2015; Young People in the Limelight: Creative Writing Workshop 2015,N72,C28,1
11,QD_PROJECT,Sateenkaariperheiden äitien kokemukset parisuhteen päättymisestä 2016; LGBT Mothers' Experiences of Break-Up 2016,N72,S91,1
11,QD_PROJECT,Myöhäisnuorten kännykän käyttö 2000-2002; Mobile Phone Use of Late Teens 2000-2002,N72,S91,1
11,QD_PROJECT,Eläkeläismiesten porukointi kaupunkiaukiolla 2011; Gatherings of Finnish Male Pensioners on a Market Square 2011,N72,L65,1
11,OTHER_PROJECT,Sukupuolen merkitys perusopetuksessa 2018; Significance of Gender in Basic Education 2018,Q85,,1
11,QD_PROJECT,Haastattelut varhaiskasvatusratkaisuista: nelivuotiaiden lasten huoltajat 2019; Interviews on Early Childhood Education and Care Arrangements: Parents of 4-Year-Olds 2019,Q85,K62,1
11,QD_PROJECT,Jyväskylän Katulähetyksen haastattelut 2004-2006; Jyväskylä Street Mission Interviews 2004-2006,N72,O82,1
11,QD_PROJECT,"Kokemuksia Myrsky-taidehankkeeseen osallistumisesta: haastattelut 2008-2010; Experiences of Participation in the Youth Arts Programme ""Myrsky"": Interviews 2008-2010",S91,N72,1
11,QD_PROJECT,Henkilöstöpalveluyritysten työntekijöiden haastattelut 2013; Interviews of Recruitment Consultants 2013,N72,O78,1
11,QD_PROJECT,Lapsesta aikuiseksi: 14-vuotiaiden haastattelu 1974: tekstiaineisto; Jyväskylä Longitudinal Study of Personality and Social Development (JYLS): Interviews of 14-Year-Olds 1974: Text Data,Q85,N72,1
11,QD_PROJECT,Luokanopettajien kokemuksia koronapandemian ajasta 2022; Class Teachers' Experiences of COVID-19 Pandemic 2022,Q85,,1
11,QD_PROJECT,Ulkomaalaiset perustutkinto-opiskelijat 2005: osa-aineisto; Survey of Foreign Students in Five Finnish Universities 2005: Partial Data,Q85,,1
11,QD_PROJECT,Päihteiden väärinkäyttäjien käynnit yhdyskuntaseuraamustoimistoissa: asiakastapaamiset 2007-2009; Substance Abuse Treatment in Community Sanctions Offices: Client Meetings 2007-2009,N72,C11,1
11,OTHER_PROJECT,Elämäni mediat ja yksi päivä mediaa 2021; Role of Media in Everyday Life and One Day Media Diaries 2021,J58,S91,1
11,QD_PROJECT,Teatterikriitikoiden haastattelut 2004-2009; Interviews of Theatre Critics 2004-2009,N72,S90,1
11,QD_PROJECT,Asunnottomuustyö Suomessa: työpajatallenteet 2020-2021; Homelessness Work in Finland: Workshop Recordings 2020-2021,N72,N74,1
11,OTHER_PROJECT,Kokemuksia siirtomaista Suomessa -kirjoitusaineisto 2021; Finnish Memories of Colonies 2021,S91,G47,1
11,QD_PROJECT,Helsingin Diakonissalaitoksen asumispalvelut 2013; Helsinki Deaconess Institute Housing Services 2013,N72,R88,1
11,QD_PROJECT,Nuoret estradille: Valokuvaustyöpaja nuorisokahvilassa 2015; Young People in the Limelight: Photography Workshop in a Youth Cafe 2015,N72,S91,1
11,OTHER_PROJECT,Tositarinoita CP-vammaisten aikuisten elämästä 2008; Life Stories of Adults with Cerebral Palsy 2008,N72,S91,1
11,QD_PROJECT,Nuorisotyön tulevaisuus ja osaamistarpeet 2030: ryhmähaastattelut 2020; Future of Youth Work 2030: Group Interviews 2020,Q85,N72,1
11,OTHER_PROJECT,Koko vuosi koronaa - kokemuksia korona-ajasta 2021; A Year of COVID-19: Finnish Experiences of Everyday Life during the Pandemic 2021,N72,S91,1
11,QD_PROJECT,Haastattelut Suomen arkeologisten löytöjen tietokannan kehittämisestä 2018-2019; Finnish Archaeological Finds Recording Linked Open Database: Interviews on User Needs 2018-2019,S91,N72,1
11,QD_PROJECT,EduMAP: Aikuiskoulutussektorin päättäjien ja koulutushenkilöstön haastatteluja nuorten aikuisten syrjäytymisestä 2017: Kreikka; EduMAP: Interviews with Adult Education Policy-Makers and Personnel on the Social Exclusion of Young Adults 2017: Greece,Q85,N72,1
11,QD_PROJECT,Elämänote-ohjelman hankkeiden toimintaan osallistuneiden ikäihmisten haastattelut 2019-2020; Interviews with Elderly People Participating in the Elämänote Programme Project Activities 2019-2020,N72,O82,1
11,QD_PROJECT,Terveys ja videopelaaminen: pelaajien haastattelut 2021; Health and Digital Gaming: Gamer Interviews 2021,N72,C26,1
11,OTHER_PROJECT,100 minuuttia taidetta 2019: yhteisöt; 100 Minutes of Art 2019: Communities,S91,S90,1
11,QD_PROJECT,Esikouluikäisten kokemuksia leikkimisestä 2012; Children's Experiences of Day Nursery Playing 2012,N72,Q85,1
